_RAJ2000_1,_DEJ2000_1,Source,RAJ2000_1,DEJ2000_1,Link,Speak,e_Speak,SpeakTot,e_SpeakTot,Maj,Min,e_Min,DCMaj,DCMin,PA,e_PA,DCPA,Islrms,SCode,Mosaic,Npoint,MaskFract,_RAJ2000_2,_DEJ2000_2,ID,RAJ2000_2,DEJ2000_2,z,IR,WISE,logLIR,e_logLIR,Xray,BAT,logLX,Rad,NVSS,FIRST,Class,logLRad,e_logLRad,Broad,logLBr,e_logLBr,DR15,Sloan,Simbad,NED,recno,Separation
184.5536,44.17341,ILTJ121812.86+441024.2,184.5536,44.17341,https://vo.astron.nl/getproduct/LoTSS-DR2/P20Hetdex17,5.399,0.063,28.56,0.682,16.19,14.1,0.14,15.04,12.76,111.26,3.27,111.26,0.063,M,P20Hetdex17,3,1,184.55356,44.17324,8262-9102  ,184.55356,44.17324,0.024921,0,1,0,0,0,0,0,1,1,1,,43.740322,44.872982,0,0,0,1,Sloan,Simbad,NED,88,0.615699734
182.287,44.00342,ILTJ120908.88+440012.3,182.287,44.00342,https://vo.astron.nl/getproduct/LoTSS-DR2/P20Hetdex17,13.256,0.077,54.105,0.646,14.62,12.55,0.07,13.33,11.03,106.06,1.64,106.06,0.077,M,P20Hetdex17,4,1,182.28673,44.003166,8260-9101  ,182.28673,44.003166,0.037801,1,1,44.39936,43.450386,0,0,0,1,1,1,,44.12804,45.264652,0,0,0,0,Sloan,Simbad,NED,86,1.16294007
114.09638,39.43832,ILTJ073623.13+392617.9,114.09638,39.43832,https://vo.astron.nl/getproduct/LoTSS-DR2/P114+39    ,9.415,0.08,13.945,0.3,7.77,6.21,0.05,4.94,1.6,100.45,1.85,100.45,0.08,M,P114+39    ,3,1,114.09638,39.43828,8135-1902  ,114.09638,39.43828,0.11571,1,1,45.475037,44.53092,0,0,0,0,1,1,,0,0,1,45.27187,5.7875657,1,Sloan,Simbad,NED,58,0.151062012
112.56035,39.53311,ILTJ073014.48+393159.2,112.56035,39.53311,https://vo.astron.nl/getproduct/LoTSS-DR2/P114+39    ,6.942,0.088,23.196,0.433,19.34,6.29,0.05,18.38,1.88,130.71,0.79,130.71,0.088,M,P114+39    ,3,1,112.55991,39.53346,8131-12705 ,112.55991,39.53346,0.141752,0,1,0,0,0,0,0,1,1,1,LERG,45.401463,46.5508,0,0,0,1,Sloan,Simbad,NED,55,1.73771325
130.32007,27.65934,ILTJ084116.82+273933.6,130.32007,27.65934,https://vo.astron.nl/getproduct/LoTSS-DR2/P128+27    ,3.678,0.146,5.423,0.331,7.85,6.77,0.25,5.06,3.13,80.43,12.41,80.43,0.137,S,P128+27    ,1,1,130.3201,27.659315,10498-1902 ,130.3201,27.659315,0.095411,0,1,0,0,0,0,0,1,1,1,LERG,45.100666,46.24703,0,0,0,0,Sloan,Simbad,NED,19,0.132049182
130.15118,27.87677,ILTJ084036.28+275236.3,130.15118,27.87677,https://vo.astron.nl/getproduct/LoTSS-DR2/P128+27    ,8.12,0.126,84.742,2.329,55.72,14.58,0.21,55.4,13.28,11.19,1.27,11.19,0.126,M,P128+27    ,2,1,130.15088,27.87653,10498-3702 ,130.15088,27.87653,0.096883,0,1,0,0,0,0,0,1,1,0,LERG,45.212906,46.360382,0,0,0,0,Sloan,Simbad,NED,20,1.300632273
129.74704,26.13695,ILTJ083859.29+260813.0,129.74704,26.13695,https://vo.astron.nl/getproduct/LoTSS-DR2/P128+27    ,15.347,0.13,30.768,0.883,8.86,7.55,0.07,6.52,4.59,98.05,2.64,98.05,0.13,M,P128+27    ,1,1,129.74702,26.136992,10498-6101 ,129.74702,26.136992,0.050518,1,1,44.698048,43.74907,0,0,0,0,1,1,,0,0,0,0,0,0,Sloan,Simbad,NED,21,0.158907689
129.60028,25.75452,ILTJ083824.07+254516.2,129.60028,25.75452,https://vo.astron.nl/getproduct/LoTSS-DR2/P128+27    ,101.926,0.364,159.666,1.81,9.21,7.33,0.03,6.98,4.22,78.62,0.82,78.62,0.364,M,P128+27    ,1,1,129.60004,25.754501,9507-12704 ,129.60004,25.754501,0.018724,1,1,44.160015,43.211037,0,0,0,1,1,1,,44.542236,45.68303,0,0,0,1,Sloan,Simbad,NED,372,0.794571702
243.57137,30.9994,ILTJ161417.13+305957.8,243.57137,30.9994,https://vo.astron.nl/getproduct/LoTSS-DR2/P243+30    ,10.04,0.088,25.707,0.47,9.79,8.91,0.08,7.74,6.58,108.83,4.35,108.83,0.088,M,P243+30    ,2,1,243.57137,30.999468,9030-9102  ,243.57137,30.999468,0.062075,0,1,0,0,0,0,0,1,1,1,,44.4496,45.589462,0,0,0,0,Sloan,Simbad,NED,280,0.247192383
243.24411,29.55656,ILTJ161258.59+293323.6,243.24411,29.55656,https://vo.astron.nl/getproduct/LoTSS-DR2/P243+30    ,2.757,0.098,7.438,0.35,10.51,9.25,0.32,8.62,7.03,130.29,12.44,130.29,0.092,S,P243+30    ,3,1,243.24413,29.556604,9028-12705 ,243.24413,29.556604,0.061266,1,1,44.290203,43.351074,0,0,0,0,0,0,,0,0,0,0,0,1,Sloan,Simbad,NED,277,0.164998931
243.17801,29.90168,ILTJ161242.72+295406.0,243.17801,29.90168,https://vo.astron.nl/getproduct/LoTSS-DR2/P243+30    ,19.867,0.092,136.426,1.27,36.51,10.68,0.03,36.01,8.84,70.78,0.26,70.78,0.092,M,P243+30    ,3,1,243.1779,29.901339,9030-12705 ,243.1779,29.901339,0.053758,0,1,0,0,0,0,0,1,1,1,LERG,45.036186,46.18191,0,0,0,0,Sloan,Simbad,NED,278,1.273494452
243.16187,29.64364,ILTJ161238.85+293837.0,243.16187,29.64364,https://vo.astron.nl/getproduct/LoTSS-DR2/P243+30    ,4.474,0.103,5.838,0.214,7.09,6.62,0.15,3.79,2.8,50.79,14.08,50.79,0.098,S,P243+30    ,3,1,243.16187,29.643595,9030-3704  ,243.16187,29.643595,0.032468,0,1,0,0,0,0,0,1,1,1,LERG,44.50367,45.644077,0,0,0,0,Sloan,Simbad,NED,279,0.164794922
243.07341,28.42953,ILTJ161217.62+282546.3,243.07341,28.42953,https://vo.astron.nl/getproduct/LoTSS-DR2/P243+30    ,164.27,0.388,217.557,3.375,8.53,7.21,0.02,6.07,4,54.64,0.7,54.64,0.388,M,P243+30    ,1,1,243.0734,28.42955,9090-9102  ,243.0734,28.42955,0.053504,0,1,0,0,0,0,0,1,1,1,LERG,45.33683,46.48553,0,0,0,0,Sloan,Simbad,NED,325,0.089657711
115.96502,28.35645,ILTJ074351.60+282123.2,115.96502,28.35645,https://vo.astron.nl/getproduct/LoTSS-DR2/P115+29    ,16.503,0.181,88.548,2.061,40.86,10.29,0.1,40.42,8.36,132.32,0.84,132.32,0.181,M,P115+29    ,3,1,115.9636,28.357784,8145-12702 ,115.9636,28.357784,0.106561,0,1,0,0,0,0,0,1,1,1,LERG,45.386642,46.53583,0,0,0,1,Sloan,Simbad,NED,64,6.581283089
193.26912,44.96001,ILTJ125304.59+445736.0,193.26912,44.96001,https://vo.astron.nl/getproduct/LoTSS-DR2/P8Hetdex28 ,13.814,0.16,47.164,1.047,22.76,8.09,0.08,21.95,5.43,58.43,0.96,58.43,0.16,M,P8Hetdex28 ,3,1,193.2702,44.96035,8317-6103  ,193.2702,44.96035,0.106204,0,1,0,0,0,0,0,1,1,1,LERG,45.330025,46.478657,0,0,0,1,Sloan,Simbad,NED,95,3.018275427
253.88956,63.24219,ILTJ165533.49+631431.8,253.88956,63.24219,https://vo.astron.nl/getproduct/LoTSS-DR2/P253+63    ,3.308,0.073,19.809,0.659,14.71,12.14,0.29,13.43,10.55,136.99,6.08,136.99,0.073,M,P253+63    ,2,1,253.88908,63.24212,7992-6102  ,253.88908,63.24212,0.022831,0,1,0,0,0,0,0,1,1,0,,43.55385,44.6846,0,0,0,1,Sloan,Simbad,NED,44,0.809856962
223.5629,49.43048,ILTJ145415.10+492549.7,223.5629,49.43048,https://vo.astron.nl/getproduct/LoTSS-DR2/P223+50    ,5.563,0.105,6.944,0.212,6.86,6.55,0.12,3.32,2.63,75.77,17.57,75.77,0.1,S,P223+50    ,4,1,223.56288,49.430496,9865-9101  ,223.56288,49.430496,0.0376,0,1,0,0,0,0,0,1,1,1,,43.973984,45.10903,0,0,0,1,Sloan,Simbad,NED,378,0.065527283
222.7668,49.25474,ILTJ145104.03+491517.0,222.7668,49.25474,https://vo.astron.nl/getproduct/LoTSS-DR2/P223+50    ,3.378,0.068,25.649,0.7,43.11,6.74,0.07,42.69,3.06,75.21,0.87,75.21,0.068,M,P223+50    ,4,1,222.76913,49.255142,9867-12705 ,222.76913,49.255142,0.075827,0,1,0,0,0,0,0,1,1,1,LERG,44.69026,45.83254,0,0,0,0,Sloan,Simbad,NED,380,5.671949349
221.63513,49.01058,ILTJ144632.43+490038.0,221.63513,49.01058,https://vo.astron.nl/getproduct/LoTSS-DR2/P223+50    ,0.567,0.063,0.733,0.13,7.11,6.55,0.7,3.81,2.62,139.13,56.13,139.13,0.06,S,P223+50    ,3,0.41,221.635,49.01056,9867-3702  ,221.635,49.01056,0.037229,1,1,43.468388,42.56706,0,0,0,0,0,0,,0,0,0,0,0,0,Sloan,Simbad,NED,381,0.331466797
155.58083,36.58301,ILTJ102219.40+363458.8,155.58083,36.58301,https://vo.astron.nl/getproduct/LoTSS-DR2/P154+37    ,24.694,0.093,58.693,0.666,11.97,8.9,0.03,10.36,6.58,75.1,0.68,75.1,0.093,M,P154+37    ,4,1,155.58076,36.58304,8568-9101  ,155.58076,36.58304,0.026214,0,1,0,0,0,0,0,1,1,1,,44.04389,45.17965,0,0,0,1,Sloan,Simbad,NED,164,0.200927387
225.2638,51.96717,ILTJ150103.31+515801.8,225.2638,51.96717,https://vo.astron.nl/getproduct/LoTSS-DR2/P223+52    ,6.545,0.101,23.375,0.526,18.13,6.61,0.07,17.11,2.77,105.68,1.03,105.68,0.101,M,P223+52    ,3,1,225.26437,51.967064,8593-6102  ,225.26437,51.967064,0.132564,0,1,0,0,0,0,0,1,1,1,LERG,45.29597,46.444267,0,0,0,0,Sloan,Simbad,NED,171,1.342330388
222.67209,51.7042,ILTJ145041.30+514215.1,222.67209,51.7042,https://vo.astron.nl/getproduct/LoTSS-DR2/P223+52    ,10.992,0.077,44.369,0.646,13.96,11.9,0.08,12.6,10.27,99.43,2.02,99.43,0.077,M,P223+52    ,4,1,222.67177,51.704468,8592-6101  ,222.67177,51.704468,0.026394,0,1,0,0,0,0,0,1,1,1,,43.86007,44.993958,0,0,0,1,Sloan,Simbad,NED,168,1.197984825
221.43842,51.58059,ILTJ144545.22+513450.1,221.43842,51.58059,https://vo.astron.nl/getproduct/LoTSS-DR2/P223+52    ,15.691,0.083,28.179,0.57,9.43,9.03,0.05,7.27,6.75,138.21,5.99,138.21,0.083,M,P223+52    ,4,1,221.43799,51.58082,8595-3703  ,221.43799,51.58082,0.030145,0,1,0,0,0,0,0,1,1,1,,44.092693,45.228947,0,0,0,1,Sloan,Simbad,NED,172,1.261926422
194.02406,27.67945,ILTJ125605.77+274046.0,194.02406,27.67945,https://vo.astron.nl/getproduct/LoTSS-DR2/P192+27    ,6.951,0.14,37.03,1.434,22.75,9.95,0.3,21.95,7.93,129.58,3.06,129.58,0.14,M,P192+27    ,4,1,194.0255,27.67798,8934-3701  ,194.0255,27.67798,0.01681,0,1,0,0,0,0,0,1,1,1,,43.40386,44.533066,0,0,0,1,Sloan,Simbad,NED,224,6.99025307
215.07253,43.06291,ILTJ142017.41+430346.4,215.07253,43.06291,https://vo.astron.nl/getproduct/LoTSS-DR2/P216+42    ,28.809,0.184,53.499,0.965,8.74,7.59,0.05,6.35,4.66,95.17,2.21,95.17,0.184,M,P216+42    ,3,1,215.07263,43.062798,8333-9102  ,215.07263,43.062798,0.136486,0,1,0,0,0,0,0,1,1,1,LERG,45.39133,46.54057,0,0,0,1,Sloan,Simbad,NED,111,0.487370616
127.17801,45.74249,ILTJ082842.72+454432.9,127.17801,45.74249,https://vo.astron.nl/getproduct/LoTSS-DR2/P127+44    ,1.303,0.166,3.985,0.656,13.4,8.22,0.92,11.99,5.61,33.49,14.6,33.49,0.162,S,P127+44    ,2,0.87,127.17809,45.742554,8725-9102  ,127.17809,45.742554,0.049334,0,1,0,0,0,0,0,0,0,0,,0,0,1,45.01349,5.756412,1,Sloan,Simbad,NED,220,0.314579079
167.24693,50.34773,ILTJ110859.26+502051.8,167.24693,50.34773,https://vo.astron.nl/getproduct/LoTSS-DR2/P6         ,4.176,0.069,111.556,1.321,39.28,21.06,0.27,38.82,20.18,87.98,1.47,87.98,0.069,M,P6         ,4,1,167.24554,50.348335,9001-12701 ,167.24554,50.348335,0.115936,0,1,0,0,0,0,0,1,1,0,LERG,44.93595,46.08068,0,0,0,0,Sloan,Simbad,NED,268,3.865599061
166.31213,49.6588,ILTJ110514.91+493931.6,166.31213,49.6588,https://vo.astron.nl/getproduct/LoTSS-DR2/P6         ,3.13,0.069,5.275,0.388,6.97,6.23,0.14,3.55,1.68,109.91,8.79,109.91,0.069,M,P6         ,5,0.94,166.31194,49.65891,8948-1902  ,166.31194,49.65891,0.116943,0,1,0,0,0,0,0,1,1,1,LERG,44.98452,46.129734,0,0,0,1,Sloan,Simbad,NED,235,0.610164697
243.58469,50.45848,ILTJ161420.32+502730.5,243.58469,50.45848,https://vo.astron.nl/getproduct/LoTSS-DR2/P243+50    ,307.143,0.292,1436.593,4.762,54.48,26.64,0.16,54.14,25.96,94.15,0.65,94.15,0.292,M,P243+50    ,3,1,243.58182,50.46561,8482-12704 ,243.58182,50.46561,0.0607,0,1,0,0,0,0,0,1,1,1,LERG,45.769012,46.921955,0,0,0,1,Sloan,Simbad,NED,144,26.49536856
212.37605,41.11078,ILTJ140930.25+410638.8,212.37605,41.11078,https://vo.astron.nl/getproduct/LoTSS-DR2/P212+42    ,4.757,0.078,19.981,0.603,12.73,11.5,0.18,11.22,9.81,6.99,6.88,6.99,0.078,M,P212+42    ,4,0.98,212.37608,41.11093,8334-3702  ,212.37608,41.11093,0.077504,0,1,0,0,0,0,0,1,1,0,,44.550816,45.691692,0,0,0,0,Sloan,Simbad,NED,113,0.555518009
229.43765,31.00472,ILTJ151745.04+310017.0,229.43765,31.00472,https://vo.astron.nl/getproduct/LoTSS-DR2/P228+30    ,22.927,0.089,177.317,1.605,41.05,14.81,0.04,40.61,13.54,162.25,0.23,162.25,0.089,M,P228+30    ,3,1,229.4374,31.004385,9044-3702  ,229.4374,31.004385,0.136149,0,1,0,0,0,0,0,1,1,1,LERG,45.955803,47.110565,0,0,0,1,Sloan,Simbad,NED,303,1.449527618
228.02316,30.83985,ILTJ151205.56+305023.4,228.02316,30.83985,https://vo.astron.nl/getproduct/LoTSS-DR2/P228+30    ,9.296,0.204,30.522,0.905,17.5,6.07,0.09,16.43,0.9,87.02,1.36,87.02,0.204,M,P228+30    ,4,1,228.02324,30.839836,9045-3701  ,228.02324,30.839836,0.090068,0,1,0,0,0,0,0,1,1,1,LERG,45.906822,47.061108,0,0,0,1,Sloan,Simbad,NED,306,0.240670993
228.97635,34.73169,ILTJ151554.32+344354.0,228.97635,34.73169,https://vo.astron.nl/getproduct/LoTSS-DR2/P229+35    ,6.771,0.111,104.869,1.445,96.11,16.03,0.49,95.92,14.87,92.6,2.56,92.6,0.111,M,P229+35    ,4,1,228.97867,34.729557,9039-12703 ,228.97867,34.729557,0.111296,0,1,0,0,0,0,0,1,1,1,LERG,45.79527,46.948467,0,0,0,1,Sloan,Simbad,NED,292,10.29656583
229.0013,34.35616,ILTJ151600.31+342122.1,229.0013,34.35616,https://vo.astron.nl/getproduct/LoTSS-DR2/P229+35    ,4.06,0.071,12.729,0.287,11.61,7.73,0.16,9.94,4.88,128.67,2.99,128.67,0.071,M,P229+35    ,3,1,229.00035,34.35685,9039-9101  ,229.00035,34.35685,0.125551,1,0,44.984547,44.045418,0,0,0,0,1,0,,0,0,0,0,0,1,Sloan,Simbad,NED,293,3.752810033
142.77834,49.07981,ILTJ093106.80+490447.3,142.77834,49.07981,https://vo.astron.nl/getproduct/LoTSS-DR2/P142+50    ,16.913,0.109,35.177,0.639,9.68,8.65,0.06,7.59,6.23,27.9,2.69,27.9,0.109,M,P142+50    ,4,1,142.77817,49.079746,8439-6102  ,142.77817,49.079746,0.034158,1,1,44.34663,43.402508,0,0,0,1,1,1,,44.102158,45.238506,0,0,0,1,Sloan,Simbad,NED,122,0.459511364
135.06535,40.297,ILTJ090015.69+401749.2,135.06535,40.297,https://vo.astron.nl/getproduct/LoTSS-DR2/P134+39    ,9.029,0.094,31.402,1.276,16.21,10.12,0.1,15.06,8.15,118.29,1.26,118.29,0.094,M,P134+39    ,4,1,135.06511,40.296738,8440-12701 ,135.06511,40.296738,0.029167,0,1,0,0,0,0,0,1,1,1,,43.886246,45.020397,0,0,0,1,Sloan,Simbad,NED,123,1.160712226
171.24442,47.1435,ILTJ112458.66+470836.5,171.24442,47.1435,https://vo.astron.nl/getproduct/LoTSS-DR2/P11Hetdex12,12.4,0.074,23.647,0.452,8.78,8.36,0.05,6.41,5.82,166.11,5.44,166.11,0.074,M,P11Hetdex12,4,1,171.24463,47.14351,8945-6103  ,171.24463,47.14351,0.053915,0,1,0,0,0,0,0,1,1,1,,44.545055,45.68588,0,0,0,1,Sloan,Simbad,NED,231,0.523796282
171.01305,47.97037,ILTJ112403.13+475813.3,171.01305,47.97037,https://vo.astron.nl/getproduct/LoTSS-DR2/P11Hetdex12,8.135,0.058,109.148,1.034,65.99,15.43,0.05,65.72,14.22,70.65,0.29,70.65,0.058,M,P11Hetdex12,3,1,171.01332,47.97076,8946-12703 ,171.01332,47.97076,0.140667,0,1,0,0,0,0,0,1,1,0,LERG,45.762753,46.91563,0,0,0,1,Sloan,Simbad,NED,232,1.549307882
165.1179,44.2607,ILTJ110028.30+441538.5,165.1179,44.2607,https://vo.astron.nl/getproduct/LoTSS-DR2/P163+45    ,2.929,0.063,16.002,0.543,16.58,9.75,0.18,15.45,7.68,40.3,2.3,40.3,0.063,M,P163+45    ,3,1,165.11774,44.260967,8255-12704 ,165.11774,44.260967,0.025465,0,1,0,0,0,0,0,1,1,1,,43.636837,44.76844,0,0,0,1,Sloan,Simbad,NED,82,1.054216519
199.0663,30.26445,ILTJ131615.91+301552.0,199.0663,30.26445,https://vo.astron.nl/getproduct/LoTSS-DR2/P198+30    ,7.854,0.1,42.443,0.743,13.71,12.04,0.16,12.32,10.44,162.9,4.7,162.9,0.1,M,P198+30    ,3,1,199.06648,30.264532,8322-3701  ,199.06648,30.264532,0.049434,0,1,0,0,0,0,0,1,1,1,,44.382008,45.521187,1,44.71017,5.7200747,1,Sloan,Simbad,NED,100,0.641345238
253.46744,39.76,ILTJ165352.18+394536.0,253.46744,39.76,https://vo.astron.nl/getproduct/LoTSS-DR2/P252+40    ,1564.142,0.932,2097.31,8.709,8.3,7.56,0.01,5.73,4.6,41.27,0.32,41.27,0.932,M,P252+40    ,2,1,253.46759,39.760162,8612-1901  ,253.46759,39.760162,0.033593,0,1,0,0,1,1,45.127884,0,1,1,,0,0,0,0,0,1,Sloan,Simbad,NED,180,0.72596476
146.70628,43.42201,ILTJ094649.51+432519.2,146.70628,43.42201,https://vo.astron.nl/getproduct/LoTSS-DR2/P146+42    ,9.365,0.065,38.131,0.569,25.77,11.28,0.21,25.06,9.55,49.69,1.86,49.69,0.065,M,P146+42    ,4,1,146.7091,43.423843,8459-3702  ,146.7091,43.423843,0.072539,0,1,0,0,0,0,0,1,1,1,,44.561832,45.70282,0,0,0,1,Sloan,Simbad,NED,138,9.905095542
207.58401,24.93611,ILTJ135020.16+245610.0,207.58401,24.93611,https://vo.astron.nl/getproduct/LoTSS-DR2/P207+25    ,3.797,0.136,10.111,0.566,9.07,7.56,0.28,6.8,4.6,136.27,10.03,136.27,0.136,M,P207+25    ,1,1,207.58386,24.93594,8443-3704  ,207.58386,24.93594,0.030508,0,1,0,0,0,0,0,1,1,1,,43.803875,44.937187,0,0,0,1,Sloan,Simbad,NED,125,0.788399108
206.55293,23.05383,ILTJ134612.70+230313.7,206.55293,23.05383,https://vo.astron.nl/getproduct/LoTSS-DR2/P207+25    ,10.662,0.155,15.088,0.341,7.51,6.79,0.09,4.51,3.17,80.97,5.95,80.97,0.145,S,P207+25    ,2,1,206.55292,23.053835,9882-3704  ,206.55292,23.053835,0.027186,0,1,0,0,0,0,0,1,1,1,,43.689465,44.821606,0,0,0,0,Sloan,Simbad,NED,387,0.054581094
206.35867,23.1224,ILTJ134526.08+230720.6,206.35867,23.1224,https://vo.astron.nl/getproduct/LoTSS-DR2/P207+25    ,6.354,0.145,31.434,1.527,20.12,8.92,0.32,19.2,6.6,58.83,3.59,58.83,0.145,M,P207+25    ,2,1,206.35968,23.120117,9882-3703  ,206.35968,23.120117,0.028592,1,1,43.68768,42.753666,0,0,0,0,1,0,,0,0,0,0,0,0,Sloan,Simbad,NED,386,8.869710056
206.31316,23.31658,ILTJ134515.16+231859.6,206.31316,23.31658,https://vo.astron.nl/getproduct/LoTSS-DR2/P207+25    ,6.905,0.127,27.82,0.907,12.92,9.59,0.18,11.44,7.48,78.94,3.39,78.94,0.127,M,P207+25    ,2,1,206.31386,23.316513,8320-9101  ,206.31386,23.316513,0.029963,0,1,0,0,0,0,0,1,1,0,,43.84244,44.976147,0,0,0,1,Sloan,Simbad,NED,99,2.33290422
206.00821,25.94106,ILTJ134401.97+255627.8,206.00821,25.94106,https://vo.astron.nl/getproduct/LoTSS-DR2/P207+25    ,3.312,0.09,8.985,0.664,9.21,7.33,0.2,6.99,4.2,176.15,6.04,176.15,0.09,M,P207+25    ,3,1,206.00795,25.941198,8983-3704  ,206.00795,25.941198,0.062391,0,1,0,0,0,0,0,0,0,0,,0,0,1,45.17076,5.7753534,1,Sloan,Simbad,NED,242,0.977972232
245.84499,41.6512,ILTJ162322.80+413904.3,245.84499,41.6512,https://vo.astron.nl/getproduct/LoTSS-DR2/P244+43    ,11.314,0.072,37.2,0.507,12.11,10.46,0.07,10.52,8.57,153.9,2.08,153.9,0.072,M,P244+43    ,3,1,245.84528,41.651188,8600-3704  ,245.84528,41.651188,0.027639,0,1,0,0,0,0,0,1,1,1,,43.811874,44.945267,0,0,0,1,Sloan,Simbad,NED,175,0.780945766
245.19456,43.15302,ILTJ162046.69+430910.8,245.19456,43.15302,https://vo.astron.nl/getproduct/LoTSS-DR2/P244+43    ,29.004,0.101,562.503,2.069,64.4,16.12,0.05,64.12,14.96,153.84,0.26,153.84,0.101,M,P244+43    ,2,1,245.19438,43.153206,8555-12704 ,245.19438,43.153206,0.134415,0,1,0,0,0,0,0,1,1,0,LERG,45.818863,46.972294,0,0,0,1,Sloan,Simbad,NED,161,0.827083406
243.83209,42.03723,ILTJ161519.70+420214.0,243.83209,42.03723,https://vo.astron.nl/getproduct/LoTSS-DR2/P244+43    ,3.249,0.186,11.394,0.816,19.24,4.85,0.24,18.28,0,105.44,4.3,105.44,0.186,M,P244+43    ,2,1,243.8303,42.037636,8979-9102  ,243.8303,42.037636,0.138843,0,1,0,0,0,0,0,1,1,1,LERG,45.178726,46.325863,0,0,0,1,Sloan,Simbad,NED,239,4.990411783
197.23955,45.90537,ILTJ130857.49+455419.3,197.23955,45.90537,https://vo.astron.nl/getproduct/LoTSS-DR2/P32Hetdex08,59.804,0.127,92.542,0.726,8.91,7.39,0.02,6.59,4.31,36.87,0.56,36.87,0.127,M,P32Hetdex08,3,1,197.23932,45.905445,8318-6102  ,197.23932,45.905445,0.129697,0,1,0,0,0,0,0,1,1,1,,45.367924,46.51693,0,0,0,1,Sloan,Simbad,NED,97,0.635749361
196.44481,46.46166,ILTJ130546.75+462741.9,196.44481,46.46166,https://vo.astron.nl/getproduct/LoTSS-DR2/P32Hetdex08,8.287,0.078,47.542,1.036,25.68,12.07,0.08,24.96,10.48,133.44,0.69,133.44,0.078,M,P32Hetdex08,4,1,196.44403,46.461857,8318-12702 ,196.44403,46.461857,0.025058,0,1,0,0,0,0,0,1,1,1,,43.827682,44.96124,0,0,0,1,Sloan,Simbad,NED,96,2.057680028
196.08614,45.05633,ILTJ130420.67+450322.7,196.08614,45.05633,https://vo.astron.nl/getproduct/LoTSS-DR2/P32Hetdex08,1.91,0.073,19.488,1.015,16.94,13.37,0.45,15.84,11.95,101.83,7.21,101.83,0.073,M,P32Hetdex08,4,1,196.08629,45.05666,8318-9101  ,196.08629,45.05666,0.028667,0,1,0,0,0,0,0,1,1,0,,43.878437,45.012512,0,0,0,1,Sloan,Simbad,NED,98,1.243144895
212.95811,52.81582,ILTJ141149.95+524856.9,212.95811,52.81582,https://vo.astron.nl/getproduct/LoTSS-DR2/P214+52    ,485.605,0.581,3385.045,9.606,21.9,19.61,0.03,21.06,18.67,164.14,0.65,164.14,0.581,M,P214+52    ,3,1,212.956,52.81671,8591-6102  ,212.956,52.81671,0.076848,0,1,0,0,0,0,0,1,1,1,LERG,46.593086,47.754,0,0,0,1,Sloan,Simbad,NED,166,5.62333885
256.69376,35.65832,ILTJ170646.50+353929.9,256.69376,35.65832,https://vo.astron.nl/getproduct/LoTSS-DR2/P255+35    ,2.282,0.124,23.936,1.417,24.69,15.3,0.79,23.95,14.07,117.84,7.71,117.84,0.165,S,P255+35    ,2,1,256.69376,35.658184,7957-12702 ,256.69376,35.658184,0.02371,0,1,0,0,0,0,0,1,1,0,,43.69126,44.823425,0,0,0,1,Sloan,Simbad,NED,33,0.494384766
256.21222,34.81659,ILTJ170450.93+344859.7,256.21222,34.81659,https://vo.astron.nl/getproduct/LoTSS-DR2/P255+35    ,27.662,0.151,71.951,1.704,12.95,8.56,0.06,11.48,6.11,12.2,1.06,12.2,0.151,M,P255+35    ,2,1,256.21228,34.817333,9185-9101  ,256.21228,34.817333,0.056733,0,1,0,0,0,0,0,1,1,1,,44.53217,45.67286,0,0,0,1,Sloan,Simbad,NED,343,2.683986402
123.43173,52.96083,ILTJ081343.62+525739.0,123.43173,52.96083,https://vo.astron.nl/getproduct/LoTSS-DR2/P121+52    ,104.149,0.225,877.592,2.393,29.32,10.9,0.03,28.7,9.11,141.7,0.26,141.7,0.225,M,P121+52    ,4,1,123.431725,52.960617,10493-6103 ,123.431725,52.960617,0.138391,0,1,0,0,0,0,0,1,1,1,LERG,46.524612,47.68487,0,0,0,0,Sloan,Simbad,NED,12,0.769220907
119.92065,50.84011,ILTJ075940.96+505024.4,119.92065,50.84011,https://vo.astron.nl/getproduct/LoTSS-DR2/P121+52    ,133.514,0.575,216.247,3.835,8.4,7.49,0.03,5.88,4.48,32.63,1.79,32.63,0.575,M,P121+52    ,2,1,119.92067,50.839973,8715-3702  ,119.92067,50.839973,0.054827,1,1,44.55412,43.61,0,0,0,0,1,1,,0,0,1,46.030167,5.8800306,1,Sloan,Simbad,NED,209,0.497115406
120.48993,33.16452,ILTJ080157.58+330952.2,120.48993,33.16452,https://vo.astron.nl/getproduct/LoTSS-DR2/P119+34    ,2.992,0.079,15.447,0.583,18.9,8.32,0.17,17.93,5.76,29.82,2.03,29.82,0.079,M,P119+34    ,3,1,120.48959,33.16459,10220-12702,120.48959,33.16459,0.038458,0,1,0,0,0,0,0,1,1,1,,44.002167,45.1375,0,0,0,0,Sloan,Simbad,NED,8,1.041398398
217.63031,52.70712,ILTJ143031.28+524225.6,217.63031,52.70712,https://vo.astron.nl/getproduct/LoTSS-DR2/P219+52    ,11.058,0.093,20.906,0.54,9.19,7.77,0.07,6.96,4.93,97.29,2.55,97.29,0.093,M,P219+52    ,3,1,217.62997,52.707157,8547-12701 ,217.62997,52.707157,0.045104,0,1,0,0,0,0,0,1,1,1,,44.1266,45.263195,0,0,0,1,Sloan,Simbad,NED,147,0.744981785
203.05698,26.94993,ILTJ133213.68+265659.7,203.05698,26.94993,https://vo.astron.nl/getproduct/LoTSS-DR2/P201+27    ,11.793,0.196,18.793,0.469,7.69,7.46,0.12,4.8,4.44,40.19,23.96,40.19,0.182,S,P201+27    ,4,1,203.05707,26.949982,8982-6104  ,203.05707,26.949982,0.035613,0,1,0,0,0,0,0,1,1,1,,44.027714,45.163307,0,0,0,1,Sloan,Simbad,NED,241,0.347401618
201.89935,27.13916,ILTJ132735.85+270820.9,201.89935,27.13916,https://vo.astron.nl/getproduct/LoTSS-DR2/P201+27    ,15.229,0.14,103.53,1.582,55.24,8.81,0.13,54.91,6.45,138.54,1.27,138.54,0.14,M,P201+27    ,3,1,201.90056,27.138014,8984-6102  ,201.90056,27.138014,0.143971,0,1,0,0,0,0,0,1,1,0,LERG,45.85872,47.012535,0,0,0,1,Sloan,Simbad,NED,244,5.65188001
239.34956,54.66618,ILTJ155723.90+543958.2,239.34956,54.66618,https://vo.astron.nl/getproduct/LoTSS-DR2/P241+55    ,23.759,0.092,300.934,2.116,141.6,47.68,1.03,141.47,47.31,150.82,1.98,150.82,0.092,M,P241+55    ,3,1,239.33914,54.671074,8481-3702  ,239.33914,54.671074,0.047282,0,1,0,0,0,0,0,1,1,1,LERG,45.296715,46.44502,0,0,0,1,Sloan,Simbad,NED,143,27.94996592
178.37732,52.68935,ILTJ115330.56+524121.6,178.37732,52.68935,https://vo.astron.nl/getproduct/LoTSS-DR2/P16Hetdex13,23.645,0.203,44.442,1.876,8.23,6.98,0.06,5.63,3.56,85.7,2.56,85.7,0.203,M,P16Hetdex13,3,1,178.37743,52.68945,8991-9102  ,178.37743,52.68945,0.071976,0,1,0,0,0,0,0,1,1,1,LERG,45.10399,46.250385,0,0,0,1,Sloan,Simbad,NED,254,0.426393448
177.27791,51.57885,ILTJ114906.70+513443.8,177.27791,51.57885,https://vo.astron.nl/getproduct/LoTSS-DR2/P16Hetdex13,11.173,0.055,70.893,1.092,41.56,18.9,0.33,41.12,17.92,131.23,1.79,131.23,0.055,M,P16Hetdex13,4,1,177.27167,51.582214,8989-12703 ,177.27167,51.582214,0.130039,0,1,0,0,0,0,0,1,1,1,LERG,45.185715,46.33292,0,0,0,1,Sloan,Simbad,NED,251,18.48322864
117.05383,28.2249,ILTJ074812.92+281329.6,117.05383,28.2249,https://vo.astron.nl/getproduct/LoTSS-DR2/P117+29    ,5.291,0.119,8.73,0.293,8.08,7.35,0.16,5.41,4.25,123.08,9.85,123.08,0.111,S,P117+29    ,2,1,117.05386,28.225092,8146-1901  ,117.05386,28.225092,0.027318,0,1,0,0,0,0,0,1,1,1,,43.993164,45.128407,0,0,0,1,Sloan,Simbad,NED,65,0.700235052
229.5259,42.74494,ILTJ151806.21+424441.7,229.5259,42.74494,https://vo.astron.nl/getproduct/LoTSS-DR2/P230+42    ,68.544,0.088,180.942,0.564,11.7,7.9,0.01,10.04,5.14,160.01,0.21,160.01,0.088,M,P230+42    ,3,1,229.52557,42.745842,7443-12703 ,229.52557,42.745842,0.040772,1,1,44.54207,43.597946,0,0,0,0,1,1,,0,0,0,0,0,1,Sloan,Simbad,NED,31,3.34985539
158.13182,36.36717,ILTJ103231.64+362201.8,158.13182,36.36717,https://vo.astron.nl/getproduct/LoTSS-DR2/P158+37    ,1.83,0.071,1.934,0.128,6.26,6.07,0.23,1.79,0.95,59.39,52.43,59.39,0.07,S,P158+37    ,4,1,158.1318,36.36707,8943-3703  ,158.1318,36.36707,0.126944,0,1,0,0,0,0,0,1,1,1,LERG,44.999207,46.144566,0,0,0,1,Sloan,Simbad,NED,228,0.359785062
157.65121,35.91677,ILTJ103036.29+355500.3,157.65121,35.91677,https://vo.astron.nl/getproduct/LoTSS-DR2/P158+37    ,22.093,0.17,221.962,1.99,31,12.24,0.06,30.42,10.67,124.6,0.49,124.6,0.17,M,P158+37    ,4,1,157.65067,35.916607,8943-3704  ,157.65067,35.916607,0.123924,0,1,0,0,0,0,0,1,1,1,LERG,45.880703,47.034733,0,0,0,1,Sloan,Simbad,NED,229,1.706948813
249.02863,44.60278,ILTJ163606.87+443610.0,249.02863,44.60278,https://vo.astron.nl/getproduct/LoTSS-DR2/P247+45    ,11.413,0.089,53.272,0.953,16.55,10.54,0.07,15.42,8.67,177.41,0.93,177.41,0.089,M,P247+45    ,2,1,249.02844,44.602753,8484-3704  ,249.02844,44.602753,0.030708,0,1,0,0,0,0,0,1,1,1,,44.0994,45.23572,0,0,0,1,Sloan,Simbad,NED,145,0.479074537
247.09644,43.95743,ILTJ162823.15+435726.7,247.09644,43.95743,https://vo.astron.nl/getproduct/LoTSS-DR2/P247+45    ,11.525,0.105,115.646,1.1,28.61,12.53,0.1,27.97,11,159.07,0.79,159.07,0.105,M,P247+45    ,2,1,247.09714,43.95761,8555-6103  ,247.09714,43.95761,0.139863,0,1,0,0,0,0,0,1,1,1,LERG,45.6998,46.852066,0,0,0,1,Sloan,Simbad,NED,162,1.930090208
182.4087,42.00968,ILTJ120938.09+420034.8,182.4087,42.00968,https://vo.astron.nl/getproduct/LoTSS-DR2/P181+42    ,10.789,0.062,52.064,0.602,15.61,12.13,0.07,14.41,10.55,115.06,1.11,115.06,0.062,M,P181+42    ,3,1,182.40875,42.009666,8260-6101  ,182.40875,42.009666,0.022953,0,1,0,0,0,0,0,1,1,1,,43.894352,45.028587,0,0,0,0,Sloan,Simbad,NED,85,0.134204943
197.81323,46.70062,ILTJ131115.18+464202.2,197.81323,46.70062,https://vo.astron.nl/getproduct/LoTSS-DR2/P35Hetdex10,31.387,0.118,62.929,1.803,8.5,7.91,0.03,6.02,5.16,20.56,2.53,20.56,0.118,M,P35Hetdex10,3,1,197.81342,46.7007,8324-12701 ,197.81342,46.7007,0.02758,0,1,0,0,0,0,0,1,1,1,,44.226234,45.363842,0,0,0,0,Sloan,Simbad,NED,101,0.5362262
156.29822,47.73908,ILTJ102511.57+474420.7,156.29822,47.73908,https://vo.astron.nl/getproduct/LoTSS-DR2/P156+47    ,4.203,0.146,14.133,0.792,15.67,5.74,0.14,14.47,0,99.23,2.21,99.23,0.146,M,P156+47    ,4,1,156.29802,47.73908,8452-3702  ,156.29802,47.73908,0.06246,0,1,0,0,0,0,0,1,1,1,LERG,44.987263,46.132504,0,0,0,1,Sloan,Simbad,NED,132,0.480245504
130.99706,51.09068,ILTJ084359.29+510526.4,130.99706,51.09068,https://vo.astron.nl/getproduct/LoTSS-DR2/P130+52    ,127.585,0.352,192.386,1.952,11.08,6.45,0.02,9.31,2.37,53.65,0.32,53.65,0.352,M,P130+52    ,2,1,130.99644,51.090263,8244-6103  ,130.99644,51.090263,0.12666,0,1,0,0,0,0,0,1,1,1,LERG,46.476643,47.63644,0,0,0,1,Sloan,Simbad,NED,72,2.036003119
226.93753,51.45285,ILTJ150745.01+512710.2,226.93753,51.45285,https://vo.astron.nl/getproduct/LoTSS-DR2/P227+53    ,9.318,0.079,19.691,0.582,11.34,7.41,0.06,9.62,4.34,148.34,1.12,148.34,0.079,M,P227+53    ,2,1,226.93745,51.45283,8593-12705 ,226.93745,51.45283,0.046251,0,1,0,0,0,0,0,0,1,1,,0,0,1,45.378593,5.800487,0,Sloan,Simbad,NED,169,0.184415469
225.61795,52.73446,ILTJ150228.31+524404.0,225.61795,52.73446,https://vo.astron.nl/getproduct/LoTSS-DR2/P227+53    ,50.154,0.206,904.453,4.709,57.97,30.62,0.24,57.66,30.03,135.59,0.89,135.59,0.206,M,P227+53    ,3,1,225.62105,52.733913,8593-3704  ,225.62105,52.733913,0.133449,0,1,0,0,0,0,0,1,1,1,LERG,46.46287,47.622536,0,0,0,0,Sloan,Simbad,NED,170,7.031938838
223.86731,32.84002,ILTJ145528.15+325024.0,223.86731,32.84002,https://vo.astron.nl/getproduct/LoTSS-DR2/P222+32    ,11.719,0.09,31.062,0.685,12.04,10.06,0.08,10.44,8.07,64.67,2.01,64.67,0.09,M,P222+32    ,4,1,223.86746,32.840027,9024-12705 ,223.86746,32.840027,0.060567,0,1,0,0,0,0,0,1,1,1,,44.51525,45.655773,0,0,0,1,Sloan,Simbad,NED,272,0.462345581
222.97527,31.2812,ILTJ145154.07+311652.3,222.97527,31.2812,https://vo.astron.nl/getproduct/LoTSS-DR2/P222+32    ,11.965,0.093,44.382,1.157,67.94,12.73,0.1,67.67,11.23,173.03,0.68,173.03,0.093,M,P222+32    ,4,1,222.97627,31.280144,9002-9101  ,222.97627,31.280144,0.088962,0,1,0,0,0,0,0,1,1,1,LERG,45.275867,46.423965,0,0,0,1,Sloan,Simbad,NED,271,4.906223408
153.04901,45.14214,ILTJ101211.76+450831.7,153.04901,45.14214,https://vo.astron.nl/getproduct/LoTSS-DR2/P152+45    ,9.332,0.074,23.145,0.475,10.27,8.83,0.07,8.34,6.47,68.77,2.54,68.77,0.074,M,P152+45    ,3,1,153.04903,45.14216,8454-12702 ,153.04903,45.14216,0.076583,0,1,0,0,0,0,0,1,1,1,,44.559082,45.700047,0,0,0,1,Sloan,Simbad,NED,133,0.078842101
121.71792,32.25022,ILTJ080652.30+321500.8,121.71792,32.25022,https://vo.astron.nl/getproduct/LoTSS-DR2/P121+32    ,8.217,0.082,24.432,0.552,11.05,9.1,0.09,9.28,6.84,160.52,2.58,160.52,0.082,M,P121+32    ,5,1,121.71815,32.250328,10220-6104 ,121.71815,32.250328,0.039894,0,1,0,0,0,0,0,1,1,1,,44.018906,45.15441,0,0,0,0,Sloan,Simbad,NED,9,0.795905307
120.34855,32.88397,ILTJ080123.65+325302.2,120.34855,32.88397,https://vo.astron.nl/getproduct/LoTSS-DR2/P121+32    ,9.515,0.085,49.866,1.152,18.56,13.02,0.1,17.57,11.55,93.38,1.19,93.38,0.085,M,P121+32    ,3,1,120.348595,32.883804,10220-12701,120.348595,32.883804,0.01846,0,1,0,0,0,0,0,1,1,1,,43.68319,44.815266,0,0,0,0,Sloan,Simbad,NED,7,0.606514625
170.16653,50.82735,ILTJ112039.97+504938.4,170.16653,50.82735,https://vo.astron.nl/getproduct/LoTSS-DR2/P10Hetdex  ,24.245,0.135,49.629,1.399,9.45,7.66,0.04,7.3,4.76,101.09,1.32,101.09,0.135,M,P10Hetdex  ,3,1,170.16647,50.827286,8997-1902  ,170.16647,50.827286,0.027863,0,1,0,0,0,0,0,1,1,1,LERG,44.33566,45.47437,0,0,0,1,Sloan,Simbad,NED,263,0.271600188
168.94785,50.40151,ILTJ111547.48+502405.4,168.94785,50.40151,https://vo.astron.nl/getproduct/LoTSS-DR2/P10Hetdex  ,1.051,0.092,1.287,0.186,7.96,5.54,0.41,0,0,104.67,10.55,0,0.09,S,P10Hetdex  ,3,0.49,168.9478,50.401634,8947-3701  ,168.9478,50.401634,0.047497,1,1,44.192154,43.253025,0,0,0,0,0,0,,0,0,0,0,0,1,Sloan,Simbad,NED,234,0.46520011
243.93842,31.82208,ILTJ161545.22+314919.4,243.93842,31.82208,https://vo.astron.nl/getproduct/LoTSS-DR2/P243+33    ,23.937,0.114,115.664,0.846,13.75,11.19,0.05,12.37,9.45,115,1.13,115,0.114,M,P243+33    ,3,1,243.93813,31.821842,9866-12705 ,243.93813,31.821842,0.058916,0,1,0,0,0,0,0,1,1,1,LERG,44.99217,46.137455,0,0,0,0,Sloan,Simbad,NED,379,1.234157999
243.93584,31.96372,ILTJ161544.60+315749.3,243.93584,31.96372,https://vo.astron.nl/getproduct/LoTSS-DR2/P243+33    ,2.135,0.089,35.849,1.065,21.77,16.89,0.61,20.92,15.78,74.05,7.32,74.05,0.089,M,P243+33    ,4,1,243.93593,31.963955,9027-12701 ,243.93593,31.963955,0.031746,0,1,0,0,0,0,0,1,1,0,,43.935425,45.07008,0,0,0,1,Sloan,Simbad,NED,276,0.889658107
196.65176,27.87313,ILTJ130636.42+275223.2,196.65176,27.87313,https://vo.astron.nl/getproduct/LoTSS-DR2/P195+27    ,8.913,0.09,39.048,0.927,14.23,10.77,0.1,12.9,8.95,139.09,1.81,139.09,0.09,M,P195+27    ,4,1,196.6517,27.872946,8932-9102  ,196.6517,27.872946,0.021114,0,1,0,0,0,0,0,1,1,1,,43.632893,44.764454,0,0,0,1,Sloan,Simbad,NED,223,0.693790138
194.65553,27.17547,ILTJ125837.33+271031.6,194.65553,27.17547,https://vo.astron.nl/getproduct/LoTSS-DR2/P195+27    ,3.68,0.093,24.456,0.781,21.48,11.07,0.26,20.63,9.3,174.48,2.57,174.48,0.093,M,P195+27    ,4,1,194.65533,27.176556,8932-3701  ,194.65533,27.176556,0.02583,0,1,0,0,0,0,0,1,1,0,,43.686024,44.818134,0,0,0,1,Sloan,Simbad,NED,222,3.958324065
194.57854,27.3095,ILTJ125818.85+271834.1,194.57854,27.3095,https://vo.astron.nl/getproduct/LoTSS-DR2/P195+27    ,5.346,0.09,26.957,0.764,19.43,9.99,0.21,18.48,7.98,148.03,2.3,148.03,0.09,M,P195+27    ,4,1,194.57767,27.310818,9876-3702  ,194.57767,27.310818,0.025352,0,1,0,0,0,0,0,1,1,1,,43.629063,44.76059,0,0,0,1,Sloan,Simbad,NED,384,5.500221889
235.44719,45.55617,ILTJ154147.33+453322.2,235.44719,45.55617,https://vo.astron.nl/getproduct/LoTSS-DR2/P236+45    ,9.131,0.075,14.924,0.493,10.85,8.42,0.07,9.04,5.91,117.6,1.75,117.6,0.075,M,P236+45    ,4,1,235.447,45.556,9035-9101  ,235.447,45.556,0.037053,0,1,0,0,0,0,0,1,1,1,LERG,44.1624,45.299362,0,0,0,1,Sloan,Simbad,NED,290,0.771325116
234.87375,44.64848,ILTJ153929.70+443854.5,234.87375,44.64848,https://vo.astron.nl/getproduct/LoTSS-DR2/P236+45    ,69.397,0.09,84.185,0.402,7.35,6.51,0.01,4.24,2.53,93.21,0.51,93.21,0.09,M,P236+45    ,3,1,234.87364,44.648453,8551-3704  ,234.87364,44.648453,0.073303,0,1,0,0,0,0,0,1,1,1,LERG,45.077587,46.22372,0,0,0,1,Sloan,Simbad,NED,152,0.28995961
249.13498,39.02857,ILTJ163632.39+390142.8,249.13498,39.02857,https://vo.astron.nl/getproduct/LoTSS-DR2/P248+40    ,2.002,0.086,87.469,2.808,36,24.94,0.73,35.5,24.2,52.23,4.54,52.23,0.086,M,P248+40    ,2,1,249.1357,39.02788,8550-12705 ,249.1357,39.02788,0.03027,0,1,0,0,0,0,0,1,1,0,,43.837517,44.971176,0,0,0,1,Sloan,Simbad,NED,150,3.18322764
248.4565,39.26298,ILTJ163349.56+391546.7,248.4565,39.26298,https://vo.astron.nl/getproduct/LoTSS-DR2/P248+40    ,5.988,0.09,90.353,3.501,19.93,15.12,0.19,19.01,13.87,111.31,2.37,111.31,0.09,M,P248+40    ,4,1,248.45676,39.263206,8588-6101  ,248.45676,39.263206,0.032017,0,1,0,0,0,0,0,1,1,1,,44.07368,45.20974,0,0,0,1,Sloan,Simbad,NED,165,1.085933993
247.2416,39.31889,ILTJ162857.98+391907.9,247.2416,39.31889,https://vo.astron.nl/getproduct/LoTSS-DR2/P248+40    ,15.433,0.259,28.247,1.478,8.71,6.93,0.13,6.31,3.47,30.59,4.14,30.59,0.259,M,P248+40    ,2,1,247.24168,39.319088,9869-12702 ,247.24168,39.319088,0.034028,0,1,0,0,0,0,0,1,1,1,,43.938866,45.073555,0,0,0,1,Sloan,Simbad,NED,382,0.758267851
119.78973,29.78187,ILTJ075909.54+294654.7,119.78973,29.78187,https://vo.astron.nl/getproduct/LoTSS-DR2/P120+29    ,14.797,0.147,63.146,2.592,25.62,15.26,0.56,24.9,14.03,136.63,4.58,136.63,0.147,M,P120+29    ,3,1,119.791504,29.781067,8938-6103  ,119.791504,29.781067,0.105546,0,1,0,0,0,0,0,1,1,1,LERG,45.178204,46.325336,0,0,0,1,Sloan,Simbad,NED,225,6.261558786
159.38223,43.65381,ILTJ103731.74+433913.7,159.38223,43.65381,https://vo.astron.nl/getproduct/LoTSS-DR2/P159+45    ,9.037,0.097,17.968,0.274,9.53,7.51,0.07,7.41,4.51,177.24,1.77,177.24,0.09,S,P159+45    ,3,1,159.38272,43.653763,8253-12703 ,159.38272,43.653763,0.024608,0,1,0,0,0,0,0,1,1,1,,43.685207,44.817307,0,0,0,1,Sloan,Simbad,NED,80,1.282451968
260.6664,30.88137,ILTJ172239.94+305252.9,260.6664,30.88137,https://vo.astron.nl/getproduct/LoTSS-DR2/P261+30    ,27.307,0.146,41.469,0.667,7.88,7.24,0.04,5.11,4.05,120.6,3.03,120.6,0.146,M,P261+30    ,3,1,260.66638,30.88127,9186-9101  ,260.66638,30.88127,0.043517,1,1,44.740185,43.796066,1,0,44.727882,0,1,1,,0,0,1,45.299957,5.790963,0,Sloan,Simbad,NED,345,0.375938261
175.81773,55.27776,ILTJ114316.25+551639.9,175.81773,55.27776,https://vo.astron.nl/getproduct/LoTSS-DR2/P173+55    ,17.848,0.095,26.835,0.45,8.64,6.47,0.03,6.22,2.42,116.82,0.93,116.82,0.095,M,P173+55    ,3,1,175.81781,55.277706,8995-3703  ,175.81781,55.277706,0.055083,0,1,0,0,0,0,0,1,1,1,LERG,44.60328,45.744686,0,0,0,1,Sloan,Simbad,NED,258,0.247869406
175.5406,55.45944,ILTJ114209.74+552734.0,175.5406,55.45944,https://vo.astron.nl/getproduct/LoTSS-DR2/P173+55    ,16.794,0.07,194.242,3.137,91.16,23.79,0.41,90.96,23.03,51.79,1.5,51.79,0.07,M,P173+55    ,3,0.66,175.5447,55.458252,8995-6103  ,175.5447,55.458252,0.133668,0,1,0,0,0,0,0,1,1,1,LERG,45.6673,46.81925,0,0,0,1,Sloan,Simbad,NED,259,9.376354718
172.34256,54.12687,ILTJ112922.21+540736.7,172.34256,54.12687,https://vo.astron.nl/getproduct/LoTSS-DR2/P173+55    ,5.138,0.056,199.563,1.59,45.33,33.8,0.3,44.93,33.27,143.63,1.64,143.63,0.056,M,P173+55    ,3,1,172.33061,54.126083,8996-3702  ,172.33061,54.126083,0.069283,0,1,0,0,0,0,0,1,1,1,LERG,44.998444,46.143795,0,0,0,1,Sloan,Simbad,NED,260,25.36290305
172.3017,53.73398,ILTJ112912.41+534402.3,172.3017,53.73398,https://vo.astron.nl/getproduct/LoTSS-DR2/P173+55    ,6.105,0.054,23.694,0.406,12.92,10.94,0.1,11.44,9.14,146.67,2.5,146.67,0.054,M,P173+55    ,3,1,172.30202,53.733967,8996-3703  ,172.30202,53.733967,0.027477,0,1,0,0,0,0,0,1,1,1,,43.745205,44.877914,0,0,0,1,Sloan,Simbad,NED,261,0.683616562
171.40076,54.3827,ILTJ112536.18+542257.7,171.40076,54.3827,https://vo.astron.nl/getproduct/LoTSS-DR2/P173+55    ,2.918,0.049,3.986,0.104,7.05,6.98,0.12,3.7,3.56,152.89,65.72,152.89,0.046,S,P173+55    ,3,1,171.40065,54.382576,9000-1901  ,171.40065,54.382576,0.020594,1,1,44.16401,43.224884,1,1,44.227882,0,0,1,,0,0,1,45.002254,5.7550616,1,Sloan,Simbad,NED,267,0.505493622
208.54568,44.21101,ILTJ135410.96+441239.6,208.54568,44.21101,https://vo.astron.nl/getproduct/LoTSS-DR2/P207+45    ,6.245,0.056,37.934,0.508,32.61,11.22,0.2,32.05,9.48,135.53,1.64,135.53,0.056,M,P207+45    ,3,0,208.54976,44.208027,8328-9101  ,208.54976,44.208027,0.064613,0,1,0,0,0,0,0,1,1,1,,44.55607,45.697,0,0,0,0,Sloan,Simbad,NED,104,15.02841387
207.87294,43.80628,ILTJ135129.51+434822.6,207.87294,43.80628,https://vo.astron.nl/getproduct/LoTSS-DR2/P207+45    ,4.764,0.056,23.498,0.443,13.57,12.39,0.14,12.17,10.84,72.7,5.59,72.7,0.056,M,P207+45    ,4,1,207.8728,43.806427,8332-3702  ,207.8728,43.806427,0.033507,0,1,0,0,0,0,0,1,1,1,,43.910034,45.04443,0,0,0,1,Sloan,Simbad,NED,108,0.643543549
183.26503,51.64792,ILTJ121303.61+513852.5,183.26503,51.64792,https://vo.astron.nl/getproduct/LoTSS-DR2/P25Hetdex09,17.669,0.076,47.102,0.425,10.69,9.4,0.04,8.85,7.23,96.21,1.7,96.21,0.076,M,P25Hetdex09,3,1,183.26399,51.648598,10508-6103 ,183.26399,51.648598,0.085679,0,1,0,0,0,0,0,1,1,1,,44.816875,45.960415,0,0,0,0,Sloan,Simbad,NED,26,3.36857366
138.9806,44.33192,ILTJ091555.34+441954.9,138.9806,44.33192,https://vo.astron.nl/getproduct/LoTSS-DR2/P138+45    ,35.552,0.12,122.205,1.312,17.14,12.71,0.06,16.06,11.21,75.09,0.81,75.09,0.12,M,P138+45    ,3,1,138.98138,44.33276,8250-12704 ,138.98138,44.33276,0.04011,1,1,44.347023,43.407894,0,0,0,1,1,1,,44.802193,45.945587,0,0,0,1,Sloan,Simbad,NED,77,3.625407692
137.87495,45.46829,ILTJ091129.99+452805.8,137.87495,45.46829,https://vo.astron.nl/getproduct/LoTSS-DR2/P138+45    ,4.196,0.065,7.398,0.168,8.11,7.83,0.12,5.46,5.02,33.48,17.8,33.48,0.06,S,P138+45    ,4,0.97,137.87476,45.46832,8249-3704  ,137.87476,45.46832,0.027099,1,1,43.92959,43.01155,1,1,44.327885,0,1,1,,0,0,0,0,0,1,Sloan,Simbad,NED,76,0.512717791
118.09201,34.32693,ILTJ075222.08+341936.9,118.09201,34.32693,https://vo.astron.nl/getproduct/LoTSS-DR2/P116+34    ,22.043,0.202,51.704,1.521,9.27,8.02,0.08,7.06,5.32,69.39,3.2,69.39,0.202,M,P116+34    ,1,1,118.09111,34.32657,8717-1902  ,118.09111,34.32657,0.140176,1,1,45.31987,44.37575,0,0,0,1,1,1,HERG,45.342484,46.491238,0,0,0,1,Sloan,Simbad,NED,211,2.977536698
117.51782,34.47904,ILTJ075004.28+342844.5,117.51782,34.47904,https://vo.astron.nl/getproduct/LoTSS-DR2/P116+34    ,18.144,0.266,122.941,5.483,14.23,10.38,0.15,12.91,8.47,20.06,2.56,20.06,0.266,M,P116+34    ,2,1,117.51833,34.479317,8717-3704  ,117.51833,34.479317,0.029213,0,1,0,0,0,0,0,1,1,1,,44.142227,45.278984,0,0,0,1,Sloan,Simbad,NED,212,1.818276655
117.45298,34.88624,ILTJ074948.72+345310.4,117.45298,34.88624,https://vo.astron.nl/getproduct/LoTSS-DR2/P116+34    ,0.992,0.17,84.785,5.18,66.86,19.35,1.7,66.59,18.39,140.34,7.78,140.34,0.17,M,P116+34    ,1,1,117.456,34.88391,8717-1901  ,117.456,34.88391,0.131574,0,1,0,0,0,0,0,1,1,1,LERG,45.72076,46.87323,0,0,0,1,Sloan,Simbad,NED,210,12.2383416
145.5409,48.01241,ILTJ094209.82+480044.6,145.5409,48.01241,https://vo.astron.nl/getproduct/LoTSS-DR2/P145+47    ,8.842,0.06,39.816,0.592,15.67,12.21,0.09,14.47,10.64,38.62,1.52,38.62,0.06,M,P145+47    ,4,1,145.54153,48.012863,8252-9102  ,145.54153,48.012863,0.056532,0,1,0,0,0,0,0,1,1,1,,44.457623,45.597565,0,0,0,1,Sloan,Simbad,NED,79,2.247826292
246.4544,40.34527,ILTJ162549.06+402042.9,246.4544,40.34527,https://vo.astron.nl/getproduct/LoTSS-DR2/P245+40    ,16.639,0.187,58.223,1.343,11.57,11.19,0.14,9.89,9.44,114.53,16.12,114.53,0.187,M,P245+40    ,4,1,246.45535,40.34521,8604-9102  ,246.45535,40.34521,0.029168,0,1,0,0,0,0,0,1,1,1,,44.171406,45.308456,0,0,0,1,Sloan,Simbad,NED,176,2.603887367
243.99915,39.49898,ILTJ161559.79+392956.3,243.99915,39.49898,https://vo.astron.nl/getproduct/LoTSS-DR2/P245+40    ,6.547,0.137,26.533,1.003,65.23,18.14,0.41,64.96,17.12,96.62,1.97,96.62,0.137,M,P245+40    ,4,0.81,244.00218,39.49763,8314-6104  ,244.00218,39.49763,0.137369,0,1,0,0,0,0,0,1,1,1,LERG,45.54779,46.698566,0,0,0,0,Sloan,Simbad,NED,92,9.735773283
224.01784,45.40512,ILTJ145604.28+452418.4,224.01784,45.40512,https://vo.astron.nl/getproduct/LoTSS-DR2/P225+45    ,3.927,0.081,7.566,0.418,15.08,7.94,0.15,13.83,5.19,71.62,2.15,71.62,0.081,M,P225+45    ,2,1,224.01819,45.405266,9033-12705 ,224.01819,45.405266,0.036508,0,1,0,0,0,0,0,1,1,1,,44.064922,45.200897,0,0,0,1,Sloan,Simbad,NED,287,1.029157238
195.32297,48.05923,ILTJ130117.51+480333.2,195.32297,48.05923,https://vo.astron.nl/getproduct/LoTSS-DR2/P31Hetdex19,7.706,0.062,61.905,0.7,21.8,13.66,0.15,20.96,12.27,111.86,1.47,111.86,0.062,M,P31Hetdex19,4,1,195.31932,48.060184,8465-3701  ,195.31932,48.060184,0.030136,0,1,0,0,0,0,0,1,1,1,,43.904938,45.03928,0,0,0,1,Sloan,Simbad,NED,141,9.422365235
214.09645,38.19105,ILTJ141623.15+381127.7,214.09645,38.19105,https://vo.astron.nl/getproduct/LoTSS-DR2/P213+37    ,3.251,0.101,5.044,0.236,7.86,7.11,0.21,5.07,3.81,134.37,13.78,134.37,0.094,S,P213+37    ,4,0.92,214.09645,38.190987,8337-1901  ,214.09645,38.190987,0.135044,1,1,44.69948,43.770695,0,0,0,0,1,1,,0,0,0,0,0,0,Sloan,Simbad,NED,117,0.233459473
213.455,37.26914,ILTJ141349.20+371608.8,213.455,37.26914,https://vo.astron.nl/getproduct/LoTSS-DR2/P213+37    ,7.661,0.095,18.904,0.316,10.28,8.64,0.1,8.35,6.21,177.93,3.31,177.93,0.088,S,P213+37    ,3,1,213.45494,37.269066,8337-6104  ,213.45494,37.269066,0.022469,0,1,0,0,0,0,0,1,1,1,,43.603752,44.735016,0,0,0,0,Sloan,Simbad,NED,118,0.314097883
137.11816,28.91088,ILTJ090828.36+285439.1,137.11816,28.91088,https://vo.astron.nl/getproduct/LoTSS-DR2/P135+29    ,4.989,0.166,14.641,0.806,11.68,7.81,0.26,10.02,5,115.04,4.96,115.04,0.166,M,P135+29    ,1,1,137.11858,28.911036,8987-6104  ,137.11858,28.911036,0.021491,0,1,0,0,0,0,0,1,1,1,,43.52517,44.655624,0,0,0,1,Sloan,Simbad,NED,247,1.415146018
119.61793,37.78627,ILTJ075828.30+374710.5,119.61793,37.78627,https://vo.astron.nl/getproduct/LoTSS-DR2/P119+37    ,218.252,19.79,288.273,41.513,7.32,6.49,0.56,4.2,2.49,116.29,32.97,116.29,18.778,S,P119+37    ,2,1,119.61713,37.786625,9181-12702 ,119.61713,37.786625,0.041111,0,1,0,0,0,0,0,1,1,1,LERG,46.569336,47.730022,0,0,0,1,Sloan,Simbad,NED,335,2.612601426
119.10966,37.0603,ILTJ075626.32+370337.0,119.10966,37.0603,https://vo.astron.nl/getproduct/LoTSS-DR2/P119+37    ,34.235,0.1,643.634,3.251,116,31.43,0.12,115.84,30.85,36.52,0.33,36.52,0.1,M,P119+37    ,4,1,119.10735,37.058247,9485-9101  ,119.10735,37.058247,0.077754,0,1,0,0,0,0,0,1,0,1,LERG,46.023605,47.179024,0,0,0,1,Sloan,Simbad,NED,354,9.91975895
118.29114,35.93267,ILTJ075309.87+355557.6,118.29114,35.93267,https://vo.astron.nl/getproduct/LoTSS-DR2/P119+37    ,55.976,0.129,392.949,1.64,22.04,13.56,0.02,21.21,12.15,47.26,0.22,47.26,0.129,M,P119+37    ,3,1,118.291306,35.93252,8717-6103  ,118.291306,35.93252,0.113466,0,1,0,0,0,0,0,1,1,1,LERG,46.062817,47.218616,0,0,0,1,Sloan,Simbad,NED,213,0.725416681
166.60239,51.39252,ILTJ110624.57+512333.0,166.60239,51.39252,https://vo.astron.nl/getproduct/LoTSS-DR2/P8Hetdex   ,15.961,0.067,24.979,0.341,7.95,7.07,0.03,5.22,3.74,79.96,1.73,79.96,0.067,M,P8Hetdex   ,3,1,166.60243,51.392414,9001-12702 ,166.60243,51.392414,0.046454,0,1,0,0,0,0,0,1,1,1,,44.246838,45.384655,0,0,0,0,Sloan,Simbad,NED,269,0.398033416
215.96474,40.25894,ILTJ142351.54+401532.1,215.96474,40.25894,https://vo.astron.nl/getproduct/LoTSS-DR2/P214+40    ,39.734,0.194,72.005,1.272,8.59,7.43,0.04,6.15,4.38,61.9,1.68,61.9,0.194,M,P214+40    ,2,1,215.96472,40.25883,8335-6103  ,215.96472,40.25883,0.082561,0,1,0,0,0,0,0,1,1,1,LERG,44.963745,46.10875,0,0,0,1,Sloan,Simbad,NED,114,0.400454564
214.1578,40.2161,ILTJ141637.87+401257.9,214.1578,40.2161,https://vo.astron.nl/getproduct/LoTSS-DR2/P214+40    ,9.424,0.134,30.152,1.095,11.68,8.82,0.12,10.03,6.47,68.2,2.63,68.2,0.134,M,P214+40    ,3,1,214.15764,40.216293,8334-12704 ,214.15764,40.216293,0.020421,0,1,0,0,0,0,0,1,1,1,,43.57453,44.705498,0,0,0,0,Sloan,Simbad,NED,112,0.838707908
206.20247,37.16314,ILTJ134448.59+370947.3,206.20247,37.16314,https://vo.astron.nl/getproduct/LoTSS-DR2/P206+37    ,13.095,0.073,69.33,0.794,20.49,12.06,0.05,19.6,10.46,25.71,0.55,25.71,0.073,M,P206+37    ,5,1,206.20287,37.163223,8446-12704 ,206.20287,37.163223,0.026872,0,1,0,0,0,0,0,1,1,1,,44.070114,45.20614,0,0,0,1,Sloan,Simbad,NED,127,1.177592969
124.81341,45.29886,ILTJ081915.22+451755.8,124.81341,45.29886,https://vo.astron.nl/getproduct/LoTSS-DR2/P123+44    ,9.855,0.169,20.815,0.499,9.2,8.27,0.14,6.97,5.69,94.19,7.86,94.19,0.156,S,P123+44    ,2,1,124.81375,45.298756,9487-3703  ,124.81375,45.298756,0.043722,0,1,0,0,0,0,0,1,1,1,,44.113342,45.249805,0,0,0,1,Sloan,Simbad,NED,356,0.945155298
222.5014,54.085,ILTJ145000.34+540506.0,222.5014,54.085,https://vo.astron.nl/getproduct/LoTSS-DR2/P223+55    ,48.746,0.166,578.804,2.603,31.47,24.23,0.06,30.89,23.48,144.18,0.48,144.18,0.166,M,P223+55    ,3,1,222.50076,54.08451,8592-12703 ,222.50076,54.08451,0.141709,0,1,0,0,0,0,0,1,1,0,LERG,46.30708,47.465244,0,0,0,1,Sloan,Simbad,NED,167,2.218426748
233.94095,44.83501,ILTJ153545.83+445006.0,233.94095,44.83501,https://vo.astron.nl/getproduct/LoTSS-DR2/P232+45    ,6.535,0.07,43.048,0.818,16.26,15.32,0.14,15.11,14.1,67.04,6.6,67.04,0.07,M,P232+45    ,4,1,233.94092,44.834797,8551-12705 ,233.94092,44.834797,0.029911,0,1,0,0,0,0,0,1,1,1,,44.004105,45.139458,0,0,0,1,Sloan,Simbad,NED,151,0.772979196
169.51353,45.11292,ILTJ111803.25+450646.5,169.51353,45.11292,https://vo.astron.nl/getproduct/LoTSS-DR2/P9Hetdex01 ,13.115,0.151,18.288,0.329,7.59,6.62,0.07,4.64,2.79,146.75,3.03,146.75,0.142,S,P9Hetdex01 ,2,1,169.51344,45.11303,8466-3704  ,169.51344,45.11303,0.107557,0,1,0,0,0,0,0,0,1,1,,0,0,1,45.507786,5.8161693,1,Sloan,Simbad,NED,142,0.461201803
246.41768,29.14767,ILTJ162540.24+290851.6,246.41768,29.14767,https://vo.astron.nl/getproduct/LoTSS-DR2/P246+30    ,4.371,0.144,7.806,0.375,8.51,7.56,0.24,6.04,4.59,162.59,12.23,162.59,0.133,S,P246+30    ,2,1,246.41771,29.14761,9025-3701  ,246.41771,29.14761,0.044663,0,1,0,0,0,0,0,1,1,1,,44.097103,45.233402,0,0,0,1,Sloan,Simbad,NED,275,0.239763136
244.64632,29.81725,ILTJ161835.12+294902.1,244.64632,29.81725,https://vo.astron.nl/getproduct/LoTSS-DR2/P246+30    ,0.703,0.099,0.846,0.195,6.96,6.23,0.83,3.52,1.66,58.63,53.79,58.63,0.095,S,P246+30    ,3,0.46,244.6465,29.817316,9025-12701 ,244.6465,29.817316,0.061251,0,1,0,0,0,0,0,1,1,1,LERG,44.433903,45.573605,0,0,0,1,Sloan,Simbad,NED,274,0.620356968
122.97291,57.95193,ILTJ081153.50+575706.9,122.97291,57.95193,https://vo.astron.nl/getproduct/LoTSS-DR2/P122+57    ,24.719,0.075,31.112,0.28,6.74,6.59,0.02,3.08,2.71,122.71,5.66,122.71,0.075,M,P122+57    ,3,1,122.972984,57.951893,10492-6103 ,122.972984,57.951893,0.02812,1,1,44.336224,43.397095,0,0,0,1,1,1,,44.01383,45.14928,0,0,0,0,Sloan,Simbad,NED,10,0.200249958
123.82016,46.07534,ILTJ081516.84+460431.2,123.82016,46.07534,https://vo.astron.nl/getproduct/LoTSS-DR2/P122+47    ,14.151,0.203,31.254,1.323,9.13,8.01,0.12,6.88,5.31,22.39,5.4,22.39,0.203,M,P122+47    ,2,1,123.82033,46.075253,9487-9102  ,123.82033,46.075253,0.041587,1,1,44.519054,43.579926,0,0,0,0,1,1,,0,0,1,45.25502,5.7855287,1,Sloan,Simbad,NED,357,0.524854996
120.11667,41.66055,ILTJ080028.00+413937.9,120.11667,41.66055,https://vo.astron.nl/getproduct/LoTSS-DR2/P118+42    ,4.957,0.094,24.225,0.843,14.03,10.08,0.18,12.68,8.1,147.58,2.99,147.58,0.094,M,P118+42    ,4,1,120.11665,41.66065,8143-6103  ,120.11665,41.66065,0.043869,0,1,0,0,0,0,0,1,1,1,LERG,44.138912,45.275635,0,0,0,1,Sloan,Simbad,NED,63,0.359406402
187.06052,40.20068,ILTJ122814.52+401202.4,187.06052,40.20068,https://vo.astron.nl/getproduct/LoTSS-DR2/P187+40    ,7.034,0.069,24.072,0.446,13.65,8.67,0.08,12.26,6.25,98.75,1.22,98.75,0.069,M,P187+40    ,3,1,187.06062,40.200375,8988-12703 ,187.06062,40.200375,0.048537,0,1,0,0,0,0,0,1,1,1,,44.279316,45.41746,0,0,0,0,Sloan,Simbad,NED,248,1.137211522
186.90845,40.16083,ILTJ122738.03+400938.9,186.90845,40.16083,https://vo.astron.nl/getproduct/LoTSS-DR2/P187+40    ,22.417,0.069,74.005,1.007,15.18,13.62,0.04,13.94,12.23,52.95,1.22,52.95,0.069,M,P187+40    ,3,1,186.90855,40.16049,8988-6104  ,186.90855,40.16049,0.037287,0,1,0,0,0,0,0,1,1,1,,44.47419,45.614296,0,0,0,0,Sloan,Simbad,NED,250,1.270416967
135.79611,54.06454,ILTJ090311.07+540352.3,135.79611,54.06454,https://vo.astron.nl/getproduct/LoTSS-DR2/P137+55    ,73.471,0.095,280.245,1.129,15.71,8.99,0.01,14.52,6.69,70.61,0.15,70.61,0.095,M,P137+55    ,4,1,135.79643,54.064327,8721-9102  ,135.79643,54.064327,0.083504,0,1,0,0,0,0,0,1,1,0,LERG,45.692715,46.84491,0,0,0,1,Sloan,Simbad,NED,215,1.024574877
183.99759,35.71735,ILTJ121559.42+354302.4,183.99759,35.71735,https://vo.astron.nl/getproduct/LoTSS-DR2/P184+37    ,45.432,0.178,226.053,1.423,17.56,9.72,0.04,16.51,7.64,117.32,0.42,117.32,0.178,M,P184+37    ,4,1,183.99738,35.717373,8554-6103  ,183.99738,35.717373,0.133659,0,1,0,0,0,0,0,1,1,1,LERG,45.967003,47.121872,0,0,0,1,Sloan,Simbad,NED,160,0.629804418
182.66531,36.614,ILTJ121039.68+363650.4,182.66531,36.614,https://vo.astron.nl/getproduct/LoTSS-DR2/P184+37    ,1.524,0.07,101.563,1.903,77.22,31.73,0.59,76.98,31.16,55.92,1.83,55.92,0.07,M,P184+37    ,3,1,182.66438,36.614506,8554-3702  ,182.66438,36.614506,0.083097,0,1,0,0,0,0,0,1,1,0,LERG,45.216724,46.36424,0,0,0,1,Sloan,Simbad,NED,158,3.251155039
118.85589,39.18618,ILTJ075525.41+391110.2,118.85589,39.18618,https://vo.astron.nl/getproduct/LoTSS-DR2/P117+39    ,2.063,0.082,12.851,0.908,14.47,9.44,0.32,13.17,7.29,13.53,4.83,13.53,0.082,M,P117+39    ,3,1,118.85539,39.186096,8713-9102  ,118.85539,39.186096,0.033038,1,1,44.22726,43.28314,1,0,44.327885,0,0,0,,0,0,1,45.148296,5.7726436,1,Sloan,Simbad,NED,206,1.416362677
118.65501,39.17984,ILTJ075437.20+391047.4,118.65501,39.17984,https://vo.astron.nl/getproduct/LoTSS-DR2/P117+39    ,56.344,0.155,106.485,1.511,10.47,9.14,0.03,8.59,6.9,80.69,1.03,80.69,0.155,M,P117+39    ,3,1,118.654434,39.179928,9181-12703 ,118.654434,39.179928,0.096444,0,1,0,0,0,0,0,1,1,1,LERG,45.711246,46.863625,0,0,0,1,Sloan,Simbad,NED,336,1.62773307
118.57096,38.22088,ILTJ075417.03+381315.1,118.57096,38.22088,https://vo.astron.nl/getproduct/LoTSS-DR2/P117+39    ,5.151,0.076,6.776,0.158,7.12,6.66,0.1,3.83,2.88,87.11,9.91,87.11,0.072,S,P117+39    ,4,1,118.570946,38.220894,9181-12701 ,118.570946,38.220894,0.118118,0,1,0,0,0,0,0,1,1,1,LERG,44.953148,46.09805,0,0,0,1,Sloan,Simbad,NED,334,0.069856477
118.38202,38.73324,ILTJ075331.68+384359.6,118.38202,38.73324,https://vo.astron.nl/getproduct/LoTSS-DR2/P117+39    ,12.479,0.077,23.65,0.401,8.84,7.56,0.05,6.5,4.61,58.57,1.99,58.57,0.077,M,P117+39    ,4,1,118.38202,38.733295,9181-12704 ,118.38202,38.733295,0.04108,0,1,0,0,0,0,0,1,1,1,,44.05663,45.192516,0,0,0,1,Sloan,Simbad,NED,337,0.205993652
118.3175,39.0503,ILTJ075316.20+390301.0,118.3175,39.0503,https://vo.astron.nl/getproduct/LoTSS-DR2/P117+39    ,2.006,0.066,21.483,0.775,20.83,18.51,0.61,19.95,17.51,163.33,13.14,163.33,0.088,S,P117+39    ,4,1,118.31732,39.05012,8713-6104  ,118.31732,39.05012,0.041138,0,1,0,0,0,0,0,1,1,0,,44.07221,45.208256,0,0,0,1,Sloan,Simbad,NED,205,0.81072528
241.51506,30.65018,ILTJ160603.61+303900.6,241.51506,30.65018,https://vo.astron.nl/getproduct/LoTSS-DR2/P240+30    ,13.967,0.087,18.185,0.325,6.93,6.34,0.04,3.47,2.05,71.14,3.21,71.14,0.087,M,P240+30    ,3,1,241.51508,30.650236,9032-6102  ,241.51508,30.650236,0.059626,0,1,0,0,0,0,0,1,1,1,LERG,44.482292,45.622482,0,0,0,0,Sloan,Simbad,NED,286,0.204658025
241.4529,30.71704,ILTJ160548.69+304301.3,241.4529,30.71704,https://vo.astron.nl/getproduct/LoTSS-DR2/P240+30    ,3.594,0.097,5.117,0.214,7.19,7.13,0.19,3.96,3.86,50.65,140.68,50.65,0.091,S,P240+30    ,3,1,241.45277,30.717058,9032-12702 ,241.45277,30.717058,0.05573,0,1,0,0,0,0,0,0,0,0,,0,0,1,45.002254,5.7550616,0,Sloan,Simbad,NED,285,0.383987165
239.17856,29.81323,ILTJ155642.85+294847.6,239.17856,29.81323,https://vo.astron.nl/getproduct/LoTSS-DR2/P240+30    ,1.686,0.112,3.436,0.321,9.1,8.06,0.51,6.84,5.38,17.26,23.56,17.26,0.103,S,P240+30    ,3,0.88,239.17853,29.813179,9887-1901  ,239.17853,29.813179,0.086089,1,1,44.866802,43.927673,0,0,0,0,0,0,,0,0,1,45.434765,5.8072996,0,Sloan,Simbad,NED,391,0.208464652
125.38822,55.15196,ILTJ082133.17+550907.0,125.38822,55.15196,https://vo.astron.nl/getproduct/LoTSS-DR2/P124+54    ,4.052,0.08,6.564,0.195,7.81,7.47,0.15,5,4.44,99.39,19.11,99.39,0.074,S,P124+54    ,4,1,125.38826,55.15197,10494-12704,125.38826,55.15197,0.079898,0,1,0,0,0,0,0,1,1,1,LERG,44.609985,45.751457,0,0,0,0,Sloan,Simbad,NED,14,0.088627825
124.92398,54.62727,ILTJ081941.76+543738.1,124.92398,54.62727,https://vo.astron.nl/getproduct/LoTSS-DR2/P124+54    ,1.478,0.065,1.676,0.122,6.71,6.08,0.25,3.01,0.99,92.59,19.31,92.59,0.063,S,P124+54    ,4,0.82,124.924095,54.627277,10494-6102 ,124.924095,54.627277,0.080951,0,1,0,0,0,0,0,1,1,1,LERG,44.67475,45.81687,0,0,0,0,Sloan,Simbad,NED,15,0.24007291
124.51846,54.62193,ILTJ081804.43+543718.9,124.51846,54.62193,https://vo.astron.nl/getproduct/LoTSS-DR2/P124+54    ,135.536,0.456,2379.914,12.043,95.51,27.37,0.22,95.32,26.71,71.16,0.7,71.16,0.456,M,P124+54    ,6,0.63,124.51605,54.619083,10494-12702,124.51605,54.619083,0.117743,0,1,0,0,0,0,0,1,2,1,LERG,46.76829,47.930885,0,0,0,0,Sloan,Simbad,NED,13,11.41083692
118.73624,53.8445,ILTJ075456.70+535040.2,118.73624,53.8445,https://vo.astron.nl/getproduct/LoTSS-DR2/P119+54    ,11.774,0.095,143.111,1.035,47.52,11.4,0.11,47.14,9.69,112.62,0.83,112.62,0.095,M,P119+54    ,1,1,118.72692,53.846275,8712-6101  ,118.72692,53.846275,0.035168,0,1,0,0,0,0,0,1,1,0,,44.296806,45.435127,0,0,0,1,Sloan,Simbad,NED,204,20.78998575
130.40771,54.91858,ILTJ084137.85+545506.8,130.40771,54.91858,https://vo.astron.nl/getproduct/LoTSS-DR2/P128+54    ,2.185,0.075,2.823,0.154,7.07,6.58,0.22,3.75,2.69,135.06,21.02,135.06,0.071,S,P128+54    ,4,0.92,130.40778,54.91857,8723-6104  ,130.40778,54.91857,0.044859,1,1,44.60522,43.661102,0,0,0,0,0,0,,0,0,1,45.01349,5.756412,0,Sloan,Simbad,NED,216,0.129237897
126.8788,54.90471,ILTJ082730.91+545416.9,126.8788,54.90471,https://vo.astron.nl/getproduct/LoTSS-DR2/P128+54    ,13.751,0.088,25.021,0.56,13.42,6.16,0.03,12,1.38,40.51,0.53,40.51,0.088,M,P128+54    ,3,1,126.87885,54.904694,8723-9102  ,126.87885,54.904694,0.030844,0,1,0,0,0,0,0,1,1,1,,44.0653,45.201275,0,0,0,0,Sloan,Simbad,NED,217,0.123434765
226.09222,47.68628,ILTJ150422.13+474110.5,226.09222,47.68628,https://vo.astron.nl/getproduct/LoTSS-DR2/P225+47    ,16.143,0.162,36.963,0.96,13.01,6.56,0.06,11.55,2.66,38.02,0.93,38.02,0.162,M,P225+47    ,5,1,226.09254,47.686684,9034-6104  ,226.09254,47.686684,0.093611,0,1,0,0,0,0,0,1,1,1,LERG,45.034256,46.179962,0,0,0,1,Sloan,Simbad,NED,289,1.649873182
224.8354,47.56713,ILTJ145920.50+473401.6,224.8354,47.56713,https://vo.astron.nl/getproduct/LoTSS-DR2/P225+47    ,1.808,0.094,2.182,0.186,7.07,6.14,0.3,3.74,1.33,23.77,15.83,23.77,0.091,S,P225+47    ,4,1,224.83553,47.56705,8597-3701  ,224.83553,47.56705,0.124964,0,1,0,0,0,0,0,1,1,1,,44.961994,46.10698,0,0,0,1,Sloan,Simbad,NED,173,0.413627841
224.02048,47.45337,ILTJ145604.92+472712.1,224.02048,47.45337,https://vo.astron.nl/getproduct/LoTSS-DR2/P225+47    ,140.972,0.47,749.744,3.661,18.06,9.1,0.03,17.03,6.85,82.49,0.36,82.49,0.47,M,P225+47    ,4,1,224.02037,47.453453,9033-6104  ,224.02037,47.453453,0.087519,0,1,0,0,0,0,0,1,1,0,LERG,46.160877,47.31763,0,0,0,1,Sloan,Simbad,NED,288,0.398602315
258.11832,35.88418,ILTJ171228.40+355303.0,258.11832,35.88418,https://vo.astron.nl/getproduct/LoTSS-DR2/P258+35    ,1.706,0.117,2.917,0.295,8,7.7,0.52,5.28,4.82,66.64,75.5,66.64,0.108,S,P258+35    ,4,0.72,258.11853,35.884087,8614-12703 ,258.11853,35.884087,0.027006,0,1,0,0,1,0,44.02788,0,0,0,,0,0,1,44.97417,5.751687,0,Sloan,Simbad,NED,183,0.704883152
256.818,34.82267,ILTJ170716.32+344921.6,256.818,34.82267,https://vo.astron.nl/getproduct/LoTSS-DR2/P258+35    ,3.659,0.142,7.654,0.415,8.77,8.59,0.33,6.4,6.14,92.63,74.73,92.63,0.13,S,P258+35    ,2,1,256.81775,34.822605,8613-12703 ,256.81775,34.822605,0.036965,1,1,44.3088,43.364677,0,0,0,0,0,0,,0,0,0,0,0,1,Sloan,Simbad,NED,181,0.758344989
147.17831,44.0777,ILTJ094842.80+440439.7,147.17831,44.0777,https://vo.astron.nl/getproduct/LoTSS-DR2/P148+45    ,0.516,0.084,1.58,0.333,14.48,7.62,1.05,13.18,4.7,75.74,14.25,75.74,0.084,S,P148+45    ,4,1,147.18182,44.081436,8458-12705 ,147.18182,44.081436,0.016181,0,1,0,0,0,0,0,1,1,0,,43.8091,44.94247,0,0,0,1,Sloan,Simbad,NED,137,16.22132661
212.50981,38.70626,ILTJ141002.35+384222.5,212.50981,38.70626,https://vo.astron.nl/getproduct/LoTSS-DR2/P211+40    ,5.648,0.098,32.108,0.834,17.22,10.71,0.15,16.14,8.87,178.73,1.91,178.73,0.098,M,P211+40    ,4,1,212.50975,38.70644,8337-12701 ,212.50975,38.70644,0.025678,0,1,0,0,0,0,0,1,1,1,,43.818222,44.951683,0,0,0,0,Sloan,Simbad,NED,116,0.667833926
211.24321,38.63425,ILTJ140458.37+383803.3,211.24321,38.63425,https://vo.astron.nl/getproduct/LoTSS-DR2/P211+40    ,8.3,0.098,10.62,0.2,7.04,6.55,0.07,3.68,2.62,81.28,6.63,81.28,0.093,S,P211+40    ,4,1,211.24313,38.634212,8336-6104  ,211.24313,38.634212,0.065372,0,1,0,0,0,0,0,1,1,1,LERG,44.73143,45.87412,0,0,0,0,Sloan,Simbad,NED,115,0.254735905
121.9208,39.00426,ILTJ080740.99+390015.3,121.9208,39.00426,https://vo.astron.nl/getproduct/LoTSS-DR2/P120+39    ,24.056,0.097,44.449,0.496,9.05,8.15,0.04,6.77,5.51,60.66,1.85,60.66,0.097,M,P120+39    ,3,1,121.92081,39.00424,9183-3703  ,121.92081,39.00424,0.023618,1,1,44.140156,43.201027,1,1,44.02788,1,1,1,,43.781677,44.91476,0,0,0,1,Sloan,Simbad,NED,341,0.085116942
121.52969,39.34214,ILTJ080607.12+392031.7,121.52969,39.34214,https://vo.astron.nl/getproduct/LoTSS-DR2/P120+39    ,8.159,0.085,16.043,0.654,10.09,6.99,0.07,8.11,3.58,161.55,1.55,161.55,0.085,M,P120+39    ,4,1,121.52962,39.34241,9182-3704  ,121.52962,39.34241,0.064848,0,1,0,0,0,0,0,1,1,1,LERG,44.714283,45.856796,0,0,0,1,Sloan,Simbad,NED,339,0.997905685
121.24421,38.26766,ILTJ080458.61+381603.5,121.24421,38.26766,https://vo.astron.nl/getproduct/LoTSS-DR2/P120+39    ,8.514,0.071,13.837,0.336,8.43,6.67,0.05,5.93,2.92,65.92,1.75,65.92,0.071,M,P120+39    ,4,1,121.24403,38.267696,9183-9101  ,121.24403,38.267696,0.036074,0,1,0,0,0,0,0,1,1,1,,43.956245,45.091114,0,0,0,1,Sloan,Simbad,NED,342,0.514636176
119.55499,38.53484,ILTJ075813.20+383205.4,119.55499,38.53484,https://vo.astron.nl/getproduct/LoTSS-DR2/P120+39    ,13.016,0.094,170.63,1.356,63.42,12.79,0.06,63.14,11.3,87.47,0.38,87.47,0.094,M,P120+39    ,3,1,119.55331,38.535313,9182-12701 ,119.55331,38.535313,0.095904,0,1,0,0,0,0,0,1,1,0,LERG,45.474625,46.62468,0,0,0,1,Sloan,Simbad,NED,338,5.044206833
119.48629,39.99339,ILTJ075756.71+395936.2,119.48629,39.99339,https://vo.astron.nl/getproduct/LoTSS-DR2/P120+39    ,144.119,0.471,217.481,2.361,10.8,9,0.03,8.98,6.71,137.84,0.93,137.84,0.471,M,P120+39    ,3,1,119.486336,39.993366,9182-6102  ,119.486336,39.993366,0.066118,1,1,44.254387,43.33093,0,0,0,1,1,1,HERG,45.620094,46.771576,0,0,0,1,Sloan,Simbad,NED,340,0.150761498
223.99223,32.62583,ILTJ145558.14+323733.0,223.99223,32.62583,https://vo.astron.nl/getproduct/LoTSS-DR2/P225+32    ,33.376,0.128,483.714,1.687,29.01,14.61,0.04,28.39,13.33,106.92,0.31,106.92,0.128,M,P225+32    ,4,1,223.99287,32.62572,9002-12703 ,223.99287,32.62572,0.084546,0,1,0,0,0,0,0,1,1,0,LERG,45.814262,46.967648,0,0,0,1,Sloan,Simbad,NED,270,1.983480062
132.59343,55.37911,ILTJ085022.42+552244.7,132.59343,55.37911,https://vo.astron.nl/getproduct/LoTSS-DR2/P133+55    ,14.807,0.089,52.377,1.246,37.03,6.7,0.02,36.54,2.98,109.92,0.27,109.92,0.089,M,P133+55    ,3,1,132.59502,55.378742,8724-12703 ,132.59502,55.378742,0.031069,0,1,0,0,0,0,0,1,1,1,LERG,44.315483,45.45399,0,0,0,1,Sloan,Simbad,NED,219,3.503287139
163.66405,47.86197,ILTJ105439.37+475143.0,163.66405,47.86197,https://vo.astron.nl/getproduct/LoTSS-DR2/P3Hetdex16 ,1.667,0.056,23.92,0.62,19.27,17.07,0.57,18.31,15.98,30.07,12.48,30.07,0.056,M,P3Hetdex16 ,2,1,163.66383,47.86228,8998-12705 ,163.66383,47.86228,0.073317,0,1,0,0,0,0,0,0,1,0,,0,0,1,45.15391,5.7733207,0,Sloan,Simbad,NED,265,1.238675477
236.94289,28.64249,ILTJ154746.29+283832.9,236.94289,28.64249,https://vo.astron.nl/getproduct/LoTSS-DR2/P237+30    ,1.985,0.146,30.016,1.525,23.74,18.92,1.13,22.97,17.94,14.62,13.25,14.62,0.146,M,P237+30    ,2,1,236.94151,28.641697,9041-12701 ,236.94151,28.641697,0.033553,0,1,0,0,0,0,0,1,1,0,,44.25761,45.395535,0,0,0,1,Sloan,Simbad,NED,296,5.194719387
235.94228,28.41559,ILTJ154346.14+282456.1,235.94228,28.41559,https://vo.astron.nl/getproduct/LoTSS-DR2/P237+30    ,3.299,0.186,35.306,2.297,15.86,11.3,0.59,14.68,9.57,178.92,8.55,178.92,0.186,M,P237+30    ,1,1,235.94193,28.41521,9041-9102  ,235.94193,28.41521,0.033052,0,1,0,0,0,0,0,1,1,0,,43.86758,45.001545,0,0,0,1,Sloan,Simbad,NED,298,1.761222762
157.1794,39.83887,ILTJ102843.06+395019.9,157.1794,39.83887,https://vo.astron.nl/getproduct/LoTSS-DR2/P157+40    ,7.369,0.074,21.013,0.594,10.17,9.62,0.1,8.21,7.53,165.82,8.18,165.82,0.074,M,P157+40    ,4,1,157.17946,39.838886,8455-3701  ,157.17946,39.838886,0.029513,0,1,0,0,0,0,0,1,1,1,,43.981155,45.116276,0,0,0,1,Sloan,Simbad,NED,135,0.177434074
127.13129,26.34868,ILTJ082831.51+262055.2,127.13129,26.34868,https://vo.astron.nl/getproduct/LoTSS-DR2/P126+27    ,14.903,0.127,32.899,1.005,9.32,7.92,0.07,7.14,5.17,76.18,2.62,76.18,0.127,M,P126+27    ,2,1,127.13102,26.348682,9508-6101  ,127.13102,26.348682,0.05317,0,1,0,0,0,0,0,1,1,1,,44.409695,45.549156,0,0,0,1,Sloan,Simbad,NED,373,0.861460898
240.47452,31.89208,ILTJ160153.88+315331.4,240.47452,31.89208,https://vo.astron.nl/getproduct/LoTSS-DR2/P240+33    ,1.17,0.09,14.294,1.357,17.7,9.06,0.6,16.65,6.79,179.66,7.27,179.66,0.09,M,P240+33    ,3,1,240.47508,31.892061,9032-12701 ,240.47508,31.892061,0.044715,0,1,0,0,0,0,0,0,0,0,,0,0,1,45.041573,5.759789,0,Sloan,Simbad,NED,284,1.727024256
163.25243,43.04958,ILTJ105300.58+430258.4,163.25243,43.04958,https://vo.astron.nl/getproduct/LoTSS-DR2/P163+42    ,14.264,0.064,203.521,1.385,82.22,16.25,0.14,82,15.1,157.36,0.72,157.36,0.064,M,P163+42    ,3,1,163.2499,43.048615,8254-6101  ,163.2499,43.048615,0.1483,0,1,0,0,0,0,0,1,1,1,LERG,46.053974,47.209686,0,0,0,1,Sloan,Simbad,NED,81,7.515023961
163.43243,49.49786,ILTJ105343.79+492952.2,163.43243,49.49786,https://vo.astron.nl/getproduct/LoTSS-DR2/P2Hetdex01 ,58.661,0.131,240.414,5.08,23.99,18.4,0.1,23.22,17.4,59.67,1.11,59.67,0.131,M,P2Hetdex01 ,4,1,163.43388,49.498867,8999-3702  ,163.43388,49.498867,0.140583,0,1,0,0,0,0,0,1,1,1,LERG,46.093636,47.249737,0,0,0,1,Sloan,Simbad,NED,266,4.962989092
162.21863,50.03676,ILTJ104852.47+500212.3,162.21863,50.03676,https://vo.astron.nl/getproduct/LoTSS-DR2/P2Hetdex01 ,3.094,0.097,5.769,0.262,8.94,7.51,0.22,6.63,4.51,146.17,8.36,146.17,0.09,S,P2Hetdex01 ,5,1,162.21872,50.03666,8994-9102  ,162.21872,50.03666,0.023359,0,1,0,0,0,0,0,1,1,1,,43.57073,44.701653,0,0,0,0,Sloan,Simbad,NED,257,0.415094318
201.41086,33.68037,ILTJ132538.61+334049.3,201.41086,33.68037,https://vo.astron.nl/getproduct/LoTSS-DR2/P201+35    ,1.022,0.065,15.088,1.017,27.51,19.33,1.2,26.85,18.37,2.64,9.85,2.64,0.097,S,P201+35    ,4,0.89,201.4111,33.68043,8444-12703 ,201.4111,33.68043,0.039217,0,1,0,0,0,0,0,1,1,0,,44.025696,45.16127,0,0,0,1,Sloan,Simbad,NED,126,0.763669608
233.03273,49.12499,ILTJ153207.86+490729.9,233.03273,49.12499,https://vo.astron.nl/getproduct/LoTSS-DR2/P231+50    ,16.554,0.07,50.184,0.505,12.33,9.84,0.04,10.77,7.8,94.95,0.94,94.95,0.07,M,P231+50    ,3,1,233.03276,49.124825,8485-6103  ,233.03276,49.124825,0.025367,0,1,0,0,0,0,0,1,1,1,,43.959824,45.094727,0,0,0,1,Sloan,Simbad,NED,146,0.594875737
222.45345,33.85893,ILTJ144948.82+335132.1,222.45345,33.85893,https://vo.astron.nl/getproduct/LoTSS-DR2/P223+35    ,17.895,0.092,535.332,2.153,57.49,21.98,0.1,57.18,21.14,144.51,0.45,144.51,0.092,M,P223+35    ,4,1,222.45377,33.857456,9024-1901  ,222.45377,33.857456,0.08828,0,1,0,0,0,0,0,1,1,0,LERG,45.927032,47.081512,0,0,0,1,Sloan,Simbad,NED,273,5.386764211
166.65572,46.0389,ILTJ110637.37+460220.0,166.65572,46.0389,https://vo.astron.nl/getproduct/LoTSS-DR2/P5Hetdex   ,20.377,0.088,26.935,0.185,7.12,6.68,0.03,3.84,2.94,123.72,3.17,123.72,0.083,S,P5Hetdex   ,4,1,166.6557,46.038776,8257-3703  ,166.6557,46.038776,0.025272,0,1,0,0,0,0,0,1,1,1,,44.09039,45.22662,0,0,0,1,Sloan,Simbad,NED,84,0.441104402
165.49583,45.22805,ILTJ110159.00+451340.9,165.49583,45.22805,https://vo.astron.nl/getproduct/LoTSS-DR2/P5Hetdex   ,9.144,0.063,65.459,0.798,19.59,18.05,0.09,18.65,17.02,76.33,2.63,76.33,0.063,M,P5Hetdex   ,3,1,165.49582,45.228024,8257-12701 ,165.49582,45.228024,0.02029,0,1,0,0,0,0,0,1,1,1,,43.86597,44.999916,0,0,0,1,Sloan,Simbad,NED,83,0.103623267
164.86497,46.12115,ILTJ105927.60+460716.1,164.86497,46.12115,https://vo.astron.nl/getproduct/LoTSS-DR2/P5Hetdex   ,0.589,0.07,38.654,1.911,54.8,26.01,1.68,54.47,25.31,116.66,6.76,116.66,0.07,M,P5Hetdex   ,4,0,164.86395,46.12239,8993-12701 ,164.86395,46.12239,0.022514,0,1,0,0,0,0,0,1,1,0,,43.651817,44.783573,0,0,0,1,Sloan,Simbad,NED,256,5.140790624
172.31723,51.52327,ILTJ112916.14+513123.7,172.31723,51.52327,https://vo.astron.nl/getproduct/LoTSS-DR2/P12Hetdex11,9.593,0.064,24.397,0.455,14.38,8.86,0.05,13.07,6.51,8.46,0.79,8.46,0.064,M,P12Hetdex11,5,1,172.31723,51.523235,8992-12702 ,172.31723,51.523235,0.033043,0,1,0,0,0,0,0,1,1,1,,43.905952,45.040306,0,0,0,1,Sloan,Simbad,NED,255,0.123596191
171.394,52.54648,ILTJ112534.56+523247.3,171.394,52.54648,https://vo.astron.nl/getproduct/LoTSS-DR2/P12Hetdex11,9.704,0.069,21.839,0.593,9.57,8.08,0.06,7.45,5.41,104.34,2.06,104.34,0.069,M,P12Hetdex11,4,1,171.39412,52.546295,8997-12702 ,171.39412,52.546295,0.027237,0,1,0,0,0,0,0,1,1,1,,43.694035,44.82622,0,0,0,1,Sloan,Simbad,NED,262,0.711291046
171.10236,51.23489,ILTJ112424.56+511405.6,171.10236,51.23489,https://vo.astron.nl/getproduct/LoTSS-DR2/P12Hetdex11,1.577,0.041,25.746,0.711,25.79,22.8,0.59,25.08,22,144.68,8.5,144.68,0.064,S,P12Hetdex11,4,1,171.10266,51.23494,8947-12704 ,171.10266,51.23494,0.027401,0,1,0,0,0,0,0,1,1,0,,43.70533,44.837635,0,0,0,1,Sloan,Simbad,NED,233,0.710674906
203.98814,41.60458,ILTJ133557.16+413616.5,203.98814,41.60458,https://vo.astron.nl/getproduct/LoTSS-DR2/P202+42    ,1.949,0.061,2.192,0.115,6.39,6.34,0.2,2.19,2.05,130.38,167.67,130.38,0.059,S,P202+42    ,4,1,203.98819,41.60465,8331-9101  ,203.98819,41.60465,0.062476,0,1,0,0,0,0,0,1,1,1,LERG,44.46146,45.60144,0,0,0,1,Sloan,Simbad,NED,106,0.276203468
205.23582,26.48669,ILTJ134056.60+262912.1,205.23582,26.48669,https://vo.astron.nl/getproduct/LoTSS-DR2/P204+27    ,4.663,0.097,6.746,0.216,7.53,6.92,0.14,4.54,3.45,40.23,10.81,40.23,0.091,S,P204+27    ,4,1,205.23576,26.48672,8952-12704 ,205.23576,26.48672,0.075374,0,1,0,0,0,0,0,1,1,1,LERG,45.193596,46.34088,0,0,0,1,Sloan,Simbad,NED,236,0.222002063
204.91188,27.40469,ILTJ133938.85+272416.8,204.91188,27.40469,https://vo.astron.nl/getproduct/LoTSS-DR2/P204+27    ,4.314,0.162,11.909,0.59,11.53,8.62,0.3,9.85,6.19,152.23,6.53,152.23,0.153,S,P204+27    ,3,1,204.91205,27.404594,8952-6102  ,204.91205,27.404594,0.035324,0,1,0,0,0,0,0,1,1,1,LERG,44.16341,45.30038,0,0,0,1,Sloan,Simbad,NED,237,0.636895938
204.35349,27.41917,ILTJ133724.83+272509.0,204.35349,27.41917,https://vo.astron.nl/getproduct/LoTSS-DR2/P204+27    ,3.032,0.154,45.336,1.744,19.12,16.15,0.76,18.15,15,25.56,13.25,25.56,0.154,M,P204+27    ,3,1,204.35349,27.419218,8984-12705 ,204.35349,27.419218,0.03719,0,1,0,0,0,0,0,1,1,0,,44.09575,45.232033,0,0,0,1,Sloan,Simbad,NED,243,0.171661377
203.19016,26.58038,ILTJ133245.63+263449.3,203.19016,26.58038,https://vo.astron.nl/getproduct/LoTSS-DR2/P204+27    ,36.915,0.248,61.962,1.97,7.73,7.17,0.05,4.87,3.93,105.97,4.26,105.97,0.248,M,P204+27    ,2,1,203.1901,26.580376,8982-3703  ,203.1901,26.580376,0.047375,1,1,43.953316,43.02453,0,0,0,1,1,1,,44.71656,45.8591,0,0,0,1,Sloan,Simbad,NED,240,0.196982407
205.28278,23.28214,ILTJ134107.87+231655.6,205.28278,23.28214,https://vo.astron.nl/getproduct/LoTSS-DR2/P204+25    ,62.509,0.224,121.759,1.706,9.73,9.12,0.04,7.66,6.87,117.27,2.61,117.27,0.224,M,P204+25    ,2,1,205.28273,23.282055,8311-6104  ,205.28273,23.282055,0.027325,1,1,44.21656,43.27743,0,0,0,0,1,1,,0,0,0,0,0,1,Sloan,Simbad,NED,90,0.344078052
205.2133,24.47333,ILTJ134051.19+242823.9,205.2133,24.47333,https://vo.astron.nl/getproduct/LoTSS-DR2/P204+25    ,7.025,0.194,30.344,1.016,13.26,11.73,0.32,11.83,10.07,4.28,10.41,4.28,0.196,S,P204+25    ,2,1,205.21317,24.473312,9881-6102  ,205.21317,24.473312,0.027358,0,1,0,0,0,0,0,1,1,1,,43.8781,45.012173,0,0,0,1,Sloan,Simbad,NED,385,0.454190236
205.01222,23.14297,ILTJ134002.93+230834.6,205.01222,23.14297,https://vo.astron.nl/getproduct/LoTSS-DR2/P204+25    ,6.505,0.133,25.562,1.08,11.91,10.23,0.21,10.29,8.29,150.87,6.28,150.87,0.133,M,P204+25    ,2,1,205.01218,23.142973,8311-3703  ,205.01218,23.142973,0.031956,0,1,0,0,0,0,0,1,1,1,,43.93881,45.073498,0,0,0,1,Sloan,Simbad,NED,89,0.152154388
242.58505,43.01008,ILTJ161020.41+430036.2,242.58505,43.01008,https://vo.astron.nl/getproduct/LoTSS-DR2/P240+43    ,8.989,0.076,27.51,0.554,13.15,9.6,0.08,11.7,7.49,23.1,1.42,23.1,0.076,M,P240+43    ,4,1,242.58522,43.009644,8600-1901  ,242.58522,43.009644,0.025504,0,1,0,0,0,0,0,1,1,1,,43.74536,44.87808,0,0,0,1,Sloan,Simbad,NED,174,1.626708967
241.15134,43.87974,ILTJ160436.32+435247.0,241.15134,43.87974,https://vo.astron.nl/getproduct/LoTSS-DR2/P240+43    ,0.571,0.088,1.562,0.315,10.61,9.29,1.38,8.75,7.1,71.46,51.67,71.46,0.082,S,P240+43    ,3,0.49,241.15099,43.879787,9031-12705 ,241.15099,43.879787,0.060173,0,1,0,0,0,0,0,0,0,0,,0,0,1,44.71017,5.7200747,1,Sloan,Simbad,NED,282,0.92546409
240.67967,41.1976,ILTJ160243.12+411151.3,240.67967,41.1976,https://vo.astron.nl/getproduct/LoTSS-DR2/P240+43    ,9.874,0.145,77.03,1.797,27.91,13.18,0.22,27.25,11.73,62.54,1.76,62.54,0.145,M,P240+43    ,3,1,240.67741,41.19726,8313-12702 ,240.67741,41.19726,0.033522,0,1,0,0,0,0,0,1,1,1,,44.28225,45.42042,0,0,0,1,Sloan,Simbad,NED,91,6.238190486
137.44089,41.95571,ILTJ090945.81+415720.5,137.44089,41.95571,https://vo.astron.nl/getproduct/LoTSS-DR2/P135+42    ,703.369,0.291,3249.99,2.776,14.92,9.78,0,13.66,7.72,48.87,0.06,48.87,0.291,M,P135+42    ,4,1,137.44128,41.955868,8247-9102  ,137.44128,41.955868,0.140338,0,1,0,0,0,0,0,1,1,0,LERG,46.6618,47.823376,0,0,0,1,Sloan,Simbad,NED,75,1.202127008
136.7201,41.40844,ILTJ090652.82+412430.4,136.7201,41.40844,https://vo.astron.nl/getproduct/LoTSS-DR2/P135+42    ,12.775,0.083,18.054,0.364,7.43,6.76,0.05,4.39,3.12,2.18,3.22,2.18,0.083,M,P135+42    ,4,1,136.71999,41.408253,8247-6103  ,136.71999,41.408253,0.027606,0,1,0,0,0,0,0,1,1,1,LERG,44.628975,45.770638,0,0,0,1,Sloan,Simbad,NED,74,0.732109326
120.86662,25.10273,ILTJ080327.99+250609.8,120.86662,25.10273,https://vo.astron.nl/getproduct/LoTSS-DR2/P120+27    ,11.043,0.167,24.538,0.513,9.39,8.52,0.13,7.22,6.05,97.27,6.97,97.27,0.154,S,P120+27    ,1,1,120.866936,25.102682,8940-6102  ,120.866936,25.102682,0.027752,0,1,0,0,0,0,0,1,1,1,,43.775063,44.90808,0,0,0,1,Sloan,Simbad,NED,227,1.034084927
120.08726,26.6138,ILTJ080020.94+263649.6,120.08726,26.6138,https://vo.astron.nl/getproduct/LoTSS-DR2/P120+27    ,5.261,0.1,50.102,1.479,22.15,17.48,0.25,21.33,16.42,143,3.03,143,0.1,M,P120+27    ,2,1,120.08742,26.613527,8940-12702 ,120.08742,26.613527,0.027067,1,1,44.540382,43.596264,1,1,44.627884,1,1,1,,43.964523,45.099476,1,45.19885,5.7787433,1,Sloan,Simbad,NED,226,1.109076142
119.86884,26.88976,ILTJ075928.52+265323.1,119.86884,26.88976,https://vo.astron.nl/getproduct/LoTSS-DR2/P120+27    ,4.699,0.097,21.627,0.812,14.52,9.93,0.19,13.22,7.91,166.98,2.88,166.98,0.097,M,P120+27    ,3,1,119.86882,26.889648,8986-6101  ,119.86882,26.889648,0.026813,0,1,0,0,0,0,0,1,1,1,,43.66966,44.801598,0,0,0,0,Sloan,Simbad,NED,246,0.404977937
233.11526,41.81145,ILTJ153227.66+414841.2,233.11526,41.81145,https://vo.astron.nl/getproduct/LoTSS-DR2/P233+43    ,4.709,0.077,31.919,0.864,18.39,13.96,0.2,17.39,12.6,9.86,2.72,9.86,0.077,M,P233+43    ,3,1,233.11523,41.811787,9872-9101  ,233.11523,41.811787,0.041855,0,1,0,0,0,0,0,1,1,1,LERG,44.10054,45.236874,0,0,0,1,Sloan,Simbad,NED,383,1.211267129
257.00134,36.34451,ILTJ170800.32+362040.2,257.00134,36.34451,https://vo.astron.nl/getproduct/LoTSS-DR2/P255+38    ,12.449,0.103,21.336,0.635,7.93,7.35,0.06,5.18,4.24,141.54,4.93,141.54,0.103,M,P255+38    ,3,1,257.00137,36.34442,8614-3703  ,257.00137,36.34442,0.036461,0,1,0,0,0,0,0,1,1,1,,44.093746,45.23001,0,0,0,0,Sloan,Simbad,NED,184,0.328018802
255.70859,36.70723,ILTJ170250.06+364226.0,255.70859,36.70723,https://vo.astron.nl/getproduct/LoTSS-DR2/P255+38    ,6.258,0.114,28.201,0.958,12.62,10.72,0.2,11.1,8.89,103.15,5.45,103.15,0.114,M,P255+38    ,3,1,255.70906,36.70675,8606-9102  ,255.70906,36.70675,0.032843,0,1,0,0,0,0,0,1,1,1,,43.937157,45.07183,0,0,0,1,Sloan,Simbad,NED,178,2.204060403
255.02985,37.83924,ILTJ170007.16+375021.2,255.02985,37.83924,https://vo.astron.nl/getproduct/LoTSS-DR2/P255+38    ,1.28,0.063,14.8,0.794,23.66,17.6,0.85,22.89,16.54,11.98,8.31,11.98,0.087,S,P255+38    ,3,0.93,255.02988,37.8395,8606-12701 ,255.02988,37.8395,0.063616,0,1,0,0,0,0,0,1,1,0,,44.400497,45.539864,0,0,0,1,Sloan,Simbad,NED,177,0.937859786
175.1973,46.54043,ILTJ114047.35+463225.5,175.1973,46.54043,https://vo.astron.nl/getproduct/LoTSS-DR2/P13Hetdex12,6.192,0.06,8.31,0.128,7.34,6.59,0.06,4.22,2.72,127.95,4.26,127.95,0.057,S,P13Hetdex12,3,1,175.1973,46.540493,8945-3704  ,175.1973,46.540493,0.053886,0,1,0,0,0,0,0,1,1,1,LERG,44.683926,45.82614,0,0,0,1,Sloan,Simbad,NED,230,0.233459473
241.30159,45.45307,ILTJ160512.38+452711.0,241.30159,45.45307,https://vo.astron.nl/getproduct/LoTSS-DR2/P240+45    ,7.279,0.078,12.319,0.578,7.52,6.82,0.08,4.54,3.23,6.01,5,6.01,0.078,M,P240+45    ,3,1,241.30154,45.453186,9031-12704 ,241.30154,45.453186,0.043707,0,2,0,0,0,0,0,1,1,1,,44.177475,45.31459,0,0,0,1,Sloan,Simbad,NED,281,0.427898884
241.2712,45.44314,ILTJ160505.09+452635.3,241.2712,45.44314,https://vo.astron.nl/getproduct/LoTSS-DR2/P240+45    ,0.679,0.049,10.781,0.823,31.31,18.25,1.27,30.73,17.24,116.39,9.31,116.39,0.076,S,P240+45    ,3,0.89,241.27145,45.442993,8549-12702 ,241.27145,45.442993,0.043602,0,1,0,0,0,0,0,0,0,0,,0,0,1,44.72702,5.722087,1,Sloan,Simbad,NED,149,0.837622444
239.97464,44.70894,ILTJ155953.91+444232.1,239.97464,44.70894,https://vo.astron.nl/getproduct/LoTSS-DR2/P240+45    ,181.412,0.132,221.032,0.612,7.86,6.95,0.01,5.08,3.51,83.96,0.29,83.96,0.132,M,P240+45    ,3,1,239.97495,44.70899,9031-3704  ,239.97495,44.70899,0.04206,0,1,0,0,0,0,0,1,1,1,LERG,45.032646,46.178333,0,0,0,1,Sloan,Simbad,NED,283,0.800937009
194.92482,43.75324,ILTJ125941.96+434511.6,194.92482,43.75324,https://vo.astron.nl/getproduct/LoTSS-DR2/P195+42    ,5.43,0.07,29.152,0.443,15.31,12.63,0.16,14.08,11.11,44.85,2.94,44.85,0.075,S,P195+42    ,2,1,194.92503,43.75318,8317-6102  ,194.92503,43.75318,0.05809,0,1,0,0,0,0,0,1,1,1,,44.367912,45.50695,0,0,0,1,Sloan,Simbad,NED,94,0.592463221
256.5329,33.484,ILTJ170607.90+332902.4,256.5329,33.484,https://vo.astron.nl/getproduct/LoTSS-DR2/P256+33    ,5.411,0.111,21.826,0.529,42.08,15.78,0.76,41.65,14.6,33.66,4.52,33.66,0.111,M,P256+33    ,4,0.85,256.53177,33.482845,9883-6104  ,256.53177,33.482845,0.101063,0,1,0,0,0,0,0,1,1,1,LERG,45.1953,46.3426,0,0,0,1,Sloan,Simbad,NED,388,5.36739827
255.63818,33.5167,ILTJ170233.17+333100.1,255.63818,33.5167,https://vo.astron.nl/getproduct/LoTSS-DR2/P256+33    ,55.038,0.119,80.531,0.842,8.02,7.34,0.02,5.32,4.22,64.87,1.13,64.87,0.119,M,P256+33    ,3,1,255.6381,33.51664,8613-6102  ,255.6381,33.51664,0.086648,0,1,0,0,0,0,0,1,1,1,LERG,44.896793,46.041134,0,0,0,1,Sloan,Simbad,NED,182,0.317357744
176.27744,53.64861,ILTJ114506.59+533855.0,176.27744,53.64861,https://vo.astron.nl/getproduct/LoTSS-DR2/P178+55    ,16.046,0.074,598.081,1.979,78.24,23.88,0.09,78.01,23.11,93.5,0.32,93.5,0.074,M,P178+55    ,3,1,176.27718,53.647964,8991-3702  ,176.27718,53.647964,0.069271,0,1,0,0,0,0,0,1,1,1,LERG,45.757793,46.910625,0,0,0,1,Sloan,Simbad,NED,253,2.385956352
131.6358,29.59837,ILTJ084632.59+293554.1,131.6358,29.59837,https://vo.astron.nl/getproduct/LoTSS-DR2/P132+29    ,23.755,0.147,393.771,2.319,34.53,16.04,0.08,34,14.88,47.25,0.49,47.25,0.147,M,P132+29    ,2,1,131.63524,29.598722,10499-12702,131.63524,29.598722,0.070456,0,1,0,0,0,0,0,1,1,1,LERG,45.583508,46.734634,0,0,0,0,Sloan,Simbad,NED,24,2.176422385
244.07408,47.98174,ILTJ161617.78+475854.2,244.07408,47.98174,https://vo.astron.nl/getproduct/LoTSS-DR2/P244+48    ,3.896,0.103,21.54,0.664,18.16,10.96,0.27,17.14,9.18,103.43,2.78,103.43,0.112,S,P244+48    ,3,1,244.07472,47.9816,8548-12704 ,244.07472,47.9816,0.020843,0,1,0,0,0,0,0,1,1,1,,43.473824,44.60375,0,0,0,1,Sloan,Simbad,NED,148,1.62152318
183.37196,50.74154,ILTJ121329.27+504429.5,183.37196,50.74154,https://vo.astron.nl/getproduct/LoTSS-DR2/P22Hetdex04,147.842,0.301,212.103,2.177,8.75,7.54,0.02,6.37,4.56,52.16,0.67,52.16,0.301,M,P22Hetdex04,4,1,183.372,50.741528,10508-6101 ,183.372,50.741528,0.030922,0,1,0,0,0,0,0,1,1,1,LERG,44.975376,46.1205,0,0,0,0,Sloan,Simbad,NED,25,0.080813823
234.54169,57.60337,ILTJ153810.01+573612.1,234.54169,57.60337,https://vo.astron.nl/getproduct/LoTSS-DR2/P232+58    ,3.019,0.074,17.573,0.75,14.87,10.9,0.25,13.61,9.1,143.81,4.02,143.81,0.074,M,P232+58    ,3,1,234.54184,57.603653,8553-9102  ,234.54184,57.603653,0.073995,0,1,0,0,0,0,0,0,1,0,,0,0,1,44.89553,5.7422504,1,Sloan,Simbad,NED,156,1.057994649
233.96835,57.90266,ILTJ153552.41+575409.5,233.96835,57.90266,https://vo.astron.nl/getproduct/LoTSS-DR2/P232+58    ,14.212,0.083,18.756,0.174,7.1,6.69,0.04,3.8,2.96,96.06,5.46,96.06,0.079,S,P232+58    ,3,1,233.96834,57.902637,8553-1901  ,233.96834,57.902637,0.030763,1,1,44.6126,43.66362,1,1,44.52788,0,1,1,,0,0,1,45.395443,5.80253,1,Sloan,Simbad,NED,154,0.087414569
233.7123,56.45102,ILTJ153450.95+562703.6,233.7123,56.45102,https://vo.astron.nl/getproduct/LoTSS-DR2/P232+58    ,15.787,0.073,26.158,0.366,9,6.8,0.03,6.7,3.19,58.5,0.86,58.5,0.073,M,P232+58    ,4,1,233.7126,56.45108,8553-6102  ,233.7126,56.45108,0.039768,0,1,0,0,0,0,0,1,1,1,,44.17398,45.311058,0,0,0,1,Sloan,Simbad,NED,155,0.64569441
138.75314,42.02435,ILTJ091500.75+420127.6,138.75314,42.02435,https://vo.astron.nl/getproduct/LoTSS-DR2/P139+42    ,25.688,0.104,58.269,0.609,9.89,9.01,0.04,7.87,6.72,42.38,2.06,42.38,0.104,M,P139+42    ,4,1,138.75314,42.02439,8250-6101  ,138.75314,42.02439,0.028085,0,1,0,0,0,0,0,1,1,1,,44.135777,45.27247,0,0,0,1,Sloan,Simbad,NED,78,0.151062012
235.46375,55.46777,ILTJ154151.30+552803.9,235.46375,55.46777,https://vo.astron.nl/getproduct/LoTSS-DR2/P236+55    ,1.718,0.075,3.609,0.221,9.82,7.7,0.31,7.77,4.83,71.17,7.55,71.17,0.07,S,P236+55    ,4,1,235.46388,55.467854,8553-12705 ,235.46388,55.467854,0.048357,1,1,43.926914,42.9929,0,0,0,0,0,0,,0,0,0,0,0,1,Sloan,Simbad,NED,153,0.412091991
144.78781,45.37103,ILTJ093909.07+452215.7,144.78781,45.37103,https://vo.astron.nl/getproduct/LoTSS-DR2/P145+45    ,6.007,0.076,12.73,0.269,9.2,7.78,0.1,6.98,4.95,68.83,3.77,68.83,0.076,M,P145+45    ,3,1,144.7878,45.370842,8458-12701 ,144.7878,45.370842,0.043077,0,1,0,0,0,0,0,1,1,1,,44.064556,45.200523,0,0,0,1,Sloan,Simbad,NED,136,0.674018228
189.21297,45.65146,ILTJ123651.11+453905.2,189.21297,45.65146,https://vo.astron.nl/getproduct/LoTSS-DR2/P24Hetdex20,3.333,0.075,20.582,0.706,14.86,13.8,0.29,13.59,12.43,157.18,12.29,157.18,0.075,M,P24Hetdex20,3,1,189.21326,45.65117,8341-12704 ,189.21326,45.65117,0.030839,0,1,0,0,0,0,0,0,1,1,,0,0,1,45.035957,5.759114,1,Sloan,Simbad,NED,119,1.273415266
188.10802,44.1834,ILTJ123225.92+441100.2,188.10802,44.1834,https://vo.astron.nl/getproduct/LoTSS-DR2/P24Hetdex20,6.169,0.075,24.811,0.488,14.38,10.73,0.12,13.06,8.89,14.11,2.12,14.11,0.075,M,P24Hetdex20,2,1,188.10783,44.18362,8464-3704  ,188.10783,44.18362,0.03106,0,1,0,0,0,0,0,1,1,1,,43.897224,45.031487,0,0,0,1,Sloan,Simbad,NED,139,0.926216181
186.18086,44.41075,ILTJ122443.41+442438.6,186.18086,44.41075,https://vo.astron.nl/getproduct/LoTSS-DR2/P24Hetdex20,26.867,0.075,37.899,0.497,7.59,6.97,0.02,4.65,3.55,97.71,1.53,97.71,0.075,M,P24Hetdex20,4,1,186.181,44.41077,8464-6101  ,186.181,44.41077,0.125109,1,1,44.84459,43.90546,0,0,0,1,1,1,,45.1268,46.273426,0,0,0,1,Sloan,Simbad,NED,140,0.359772718
185.47607,45.26903,ILTJ122154.26+451608.4,185.47607,45.26903,https://vo.astron.nl/getproduct/LoTSS-DR2/P24Hetdex20,0.352,0.067,0.922,0.234,10.73,8.78,1.58,8.89,6.41,61.86,42.9,61.86,0.063,S,P24Hetdex20,4,0,185.47505,45.26768,8262-12704 ,185.47505,45.26768,0.048684,1,0,43.73376,42.826797,0,0,0,0,0,0,,0,0,0,0,0,1,Sloan,Simbad,NED,87,5.508448175
211.90617,44.48196,ILTJ140737.48+442855.0,211.90617,44.48196,https://vo.astron.nl/getproduct/LoTSS-DR2/P210+45    ,4.062,0.064,6.073,0.147,7.51,7.17,0.11,4.51,3.92,116.32,14.95,116.32,0.06,S,P210+45    ,4,1,211.90486,44.48227,8329-6102  ,211.90486,44.48227,0.14325,1,0,45.09692,44.15779,0,0,0,0,0,0,,0,0,0,0,0,1,Sloan,Simbad,NED,105,3.549327881
126.50186,40.98171,ILTJ082600.45+405854.1,126.50186,40.98171,https://vo.astron.nl/getproduct/LoTSS-DR2/P125+42    ,15.865,0.076,182.936,1.473,39.44,16.13,0.12,38.98,14.97,109.11,0.71,109.11,0.076,M,P125+42    ,4,1,126.502396,40.981113,10496-6104 ,126.502396,40.981113,0.057897,0,1,0,0,0,0,0,1,1,1,LERG,44.676266,45.8184,0,0,0,0,Sloan,Simbad,NED,17,2.587704225
125.46004,41.87666,ILTJ082150.41+415235.9,125.46004,41.87666,https://vo.astron.nl/getproduct/LoTSS-DR2/P125+42    ,16.082,0.087,33.56,0.564,9.9,8.19,0.05,7.88,5.57,49.7,1.46,49.7,0.087,M,P125+42    ,4,1,125.4594,41.876266,10496-12704,125.4594,41.876266,0.038224,0,1,0,0,0,0,0,1,1,1,,44.16983,45.306866,0,0,0,0,Sloan,Simbad,NED,16,2.225265989
157.72156,41.21925,ILTJ103053.17+411309.3,157.72156,41.21925,https://vo.astron.nl/getproduct/LoTSS-DR2/P156+42    ,17.546,0.118,44.914,0.789,27.31,6.46,0.07,26.65,2.41,34.4,0.95,34.4,0.118,M,P156+42    ,3,1,157.72327,41.221096,8455-12703 ,157.72327,41.221096,0.092408,0,1,0,0,0,0,0,1,1,1,LERG,45.63523,46.786865,0,0,0,1,Sloan,Simbad,NED,134,8.099042954
206.17303,40.46701,ILTJ134441.53+402801.2,206.17303,40.46701,https://vo.astron.nl/getproduct/LoTSS-DR2/P204+40    ,87.174,0.248,253.029,1.61,17.88,6.81,0.02,16.84,3.22,163.88,0.22,163.88,0.248,M,P204+40    ,3,1,206.17303,40.4673,8447-6103  ,206.17303,40.4673,0.075745,0,1,0,0,0,0,0,1,1,0,LERG,45.707188,46.859524,0,0,0,1,Sloan,Simbad,NED,129,1.043701172
258.11832,30.90941,ILTJ171228.40+305433.8,258.11832,30.90941,https://vo.astron.nl/getproduct/LoTSS-DR2/P258+30    ,5.884,0.146,36.524,1.287,14.34,11.5,0.27,13.03,9.81,18.53,5.42,18.53,0.146,M,P258+30    ,3,1,258.1185,30.909678,9186-6103  ,258.1185,30.909678,0.05496,0,1,0,0,0,0,0,1,1,0,,44.336807,45.475533,0,0,0,0,Sloan,Simbad,NED,344,1.115332163
182.78458,35.33315,ILTJ121108.30+351959.3,182.78458,35.33315,https://vo.astron.nl/getproduct/LoTSS-DR2/P182+35    ,197.881,0.325,437.101,2.19,9.42,8.9,0.02,7.27,6.57,55.45,1.35,55.45,0.325,M,P182+35    ,4,1,182.78447,35.333008,8554-6102  ,182.78447,35.333008,0.136656,0,1,0,0,0,0,0,1,1,1,LERG,46.127903,47.284336,0,0,0,1,Sloan,Simbad,NED,159,0.597149532
186.25119,40.15747,ILTJ122500.28+400926.9,186.25119,40.15747,https://vo.astron.nl/getproduct/LoTSS-DR2/P184+40    ,31.148,0.12,71.066,0.979,10.92,9.66,0.04,9.12,7.57,156.38,1.55,156.38,0.12,M,P184+40    ,3,1,186.25119,40.15731,8988-6102  ,186.25119,40.15731,0.074039,0,1,0,0,0,0,0,1,1,1,,44.89516,46.039482,0,0,0,0,Sloan,Simbad,NED,249,0.576782227
173.49663,49.06284,ILTJ113359.19+490346.2,173.49663,49.06284,https://vo.astron.nl/getproduct/LoTSS-DR2/P14Hetdex04,251.902,2.072,612.735,12.921,12.35,9.06,0.08,10.79,6.79,173.42,1.48,173.42,2.072,M,P14Hetdex04,4,1,173.49678,49.062027,8990-12702 ,173.49678,49.062027,0.031962,0,1,0,0,0,0,0,1,1,1,LERG,45.813118,46.96649,0,0,0,1,Sloan,Simbad,NED,252,2.947171318
122.92212,36.11883,ILTJ081141.31+360707.7,122.92212,36.11883,https://vo.astron.nl/getproduct/LoTSS-DR2/P122+37    ,20.22,0.218,119.892,2.704,58.23,10.8,0.25,57.92,8.98,10.53,1.93,10.53,0.218,M,P122+37    ,3,1,122.92139,36.115776,10214-3703 ,122.92139,36.115776,0.086549,0,1,0,0,0,0,0,1,1,1,LERG,45.51227,46.662697,0,0,0,0,Sloan,Simbad,NED,1,11.20437981
121.77977,36.23357,ILTJ080707.14+361400.8,121.77977,36.23357,https://vo.astron.nl/getproduct/LoTSS-DR2/P122+37    ,3.714,0.075,25.701,0.644,17.64,12.01,0.21,16.58,10.4,26.66,2.7,26.66,0.075,M,P122+37    ,4,1,121.77994,36.23348,9485-12705 ,121.77994,36.23348,0.032605,1,1,44.76705,43.82293,0,0,0,0,1,0,,0,0,0,0,0,1,Sloan,Simbad,NED,353,0.588373727
214.46501,43.4182,ILTJ141751.60+432505.5,214.46501,43.4182,https://vo.astron.nl/getproduct/LoTSS-DR2/P214+45    ,8.561,0.115,27.682,0.594,16.76,7.05,0.07,15.65,3.7,79.14,1.02,79.14,0.115,M,P214+45    ,3,1,214.46466,43.41824,8333-6103  ,214.46466,43.41824,0.107349,0,1,0,0,0,0,0,1,1,1,LERG,45.01445,46.159958,0,0,0,1,Sloan,Simbad,NED,110,0.927916911
232.54982,29.01403,ILTJ153011.96+290050.5,232.54982,29.01403,https://vo.astron.nl/getproduct/LoTSS-DR2/P231+30    ,4.432,0.402,208.026,7.932,211.73,28.28,3.65,211.64,27.64,61.18,10.63,61.18,0.402,M,P231+30    ,2,1,232.54283,29.008396,9042-3702  ,232.54283,29.008396,0.084536,0,1,0,0,0,0,0,1,0,1,LERG,46.204098,47.361267,0,0,0,1,Sloan,Simbad,NED,300,29.9249779
232.41911,30.48594,ILTJ152940.59+302909.4,232.41911,30.48594,https://vo.astron.nl/getproduct/LoTSS-DR2/P231+30    ,2.24,0.092,2.923,0.192,7.06,6.65,0.27,3.72,2.88,115.01,29.66,115.01,0.088,S,P231+30    ,3,1,232.41911,30.485918,9890-1901  ,232.41911,30.485918,0.0364,1,1,44.5603,43.616177,0,0,0,0,0,0,,0,0,1,45.035957,5.759114,0,Sloan,Simbad,NED,400,0.082397461
231.27394,29.67022,ILTJ152505.75+294012.8,231.27394,29.67022,https://vo.astron.nl/getproduct/LoTSS-DR2/P231+30    ,11.207,0.701,15.515,1.518,7.35,6.79,0.41,4.24,3.17,44.78,33.49,44.78,0.66,S,P231+30    ,4,1,231.27393,29.67017,9043-12703 ,231.27393,29.67017,0.111905,0,1,0,0,0,0,0,1,0,1,LERG,45.99484,47.14998,0,0,0,1,Sloan,Simbad,NED,301,0.184797978
230.90698,28.64348,ILTJ152337.67+283836.5,230.90698,28.64348,https://vo.astron.nl/getproduct/LoTSS-DR2/P231+30    ,31.082,0.297,112.088,2.899,40.99,13.36,0.57,40.55,11.94,78.08,3.89,78.08,0.297,M,P231+30    ,2,1,230.90317,28.643074,9043-3704  ,230.90317,28.643074,0.084396,0,1,0,0,0,0,0,1,1,1,LERG,45.613033,46.764446,0,0,0,1,Sloan,Simbad,NED,302,12.14070924
230.86131,31.06628,ILTJ152326.72+310358.6,230.86131,31.06628,https://vo.astron.nl/getproduct/LoTSS-DR2/P231+30    ,5.903,0.11,8.333,0.332,10.15,5.63,0.09,8.18,0,73.41,1.87,73.41,0.11,M,P231+30    ,3,1,230.86163,31.066267,9044-3704  ,230.86163,31.066267,0.075025,0,1,0,0,0,0,0,1,1,1,LERG,44.886475,46.030712,0,0,0,1,Sloan,Simbad,NED,304,0.989278181
206.19838,31.61595,ILTJ134447.61+313657.4,206.19838,31.61595,https://vo.astron.nl/getproduct/LoTSS-DR2/P207+32    ,6.069,0.097,15.231,0.535,10.58,8.05,0.12,8.71,5.36,39.27,2.96,39.27,0.097,M,P207+32    ,4,1,206.19841,31.615673,8985-6104  ,206.19841,31.615673,0.028145,0,1,0,0,0,0,0,1,1,1,,43.722107,44.854584,0,0,0,1,Sloan,Simbad,NED,245,1.000022023
259.24744,32.24568,ILTJ171659.38+321444.4,259.24744,32.24568,https://vo.astron.nl/getproduct/LoTSS-DR2/P259+33    ,22.227,0.102,89.331,0.599,20.53,8.12,0.06,19.63,5.47,125.72,0.68,125.72,0.102,M,P259+33    ,4,1,259.24692,32.245888,7960-9102  ,259.24692,32.245888,0.110959,0,1,0,0,0,0,0,1,1,0,LERG,45.309486,46.457916,0,0,0,1,Sloan,Simbad,NED,35,1.74503062
259.04486,31.79232,ILTJ171610.77+314732.3,259.04486,31.79232,https://vo.astron.nl/getproduct/LoTSS-DR2/P259+33    ,2.995,0.101,32.506,1.222,20.31,13.83,0.4,19.41,12.46,61.76,4.34,61.76,0.101,M,P259+33    ,4,1,259.0443,31.792309,7960-12704 ,259.0443,31.792309,0.023163,0,1,0,0,0,0,0,1,1,0,,43.730946,44.863514,0,0,0,1,Sloan,Simbad,NED,34,1.681340597
124.32033,52.0239,ILTJ081716.88+520126.0,124.32033,52.0239,https://vo.astron.nl/getproduct/LoTSS-DR2/P126+52    ,2.145,0.073,2.968,0.157,7.41,6.73,0.22,4.35,3.04,168.29,13.49,168.29,0.068,S,P126+52    ,3,1,124.32737,52.029915,10493-1902 ,124.32737,52.029915,0.038888,1,1,43.746334,42.833794,0,0,0,0,0,0,,0,0,1,44.839363,5.7355204,0,Sloan,Simbad,NED,11,26.68935121
210.24075,42.85563,ILTJ140057.78+425120.2,210.24075,42.85563,https://vo.astron.nl/getproduct/LoTSS-DR2/P209+42    ,9.352,0.09,22.078,0.532,13.08,7.38,0.06,11.63,4.3,169.33,1.01,169.33,0.09,M,P209+42    ,3,1,210.24095,42.855644,8332-9102  ,210.24095,42.855644,0.032595,0,1,0,0,0,0,0,1,1,1,,44.135685,45.272373,0,0,0,1,Sloan,Simbad,NED,109,0.526367591
209.1623,43.58527,ILTJ135638.95+433506.9,209.1623,43.58527,https://vo.astron.nl/getproduct/LoTSS-DR2/P209+42    ,8.434,0.056,27.691,0.528,14.13,9.64,0.08,12.8,7.55,120.87,1.31,120.87,0.056,M,P209+42    ,4,1,209.16357,43.58564,8332-12704 ,209.16357,43.58564,0.103337,1,1,44.530148,43.61211,0,0,0,0,1,1,,0,0,0,0,0,1,Sloan,Simbad,NED,107,3.597998793
236.21352,43.51401,ILTJ154451.24+433050.4,236.21352,43.51401,https://vo.astron.nl/getproduct/LoTSS-DR2/P237+43    ,2.158,0.081,3.199,0.185,8.02,6.66,0.23,5.31,2.89,78.38,8.35,78.38,0.076,S,P237+43    ,3,1,236.21349,43.514057,9037-6104  ,236.21349,43.514057,0.036949,0,1,0,0,0,0,0,1,1,1,LERG,44.26411,45.402103,0,0,0,1,Sloan,Simbad,NED,291,0.183044339
234.88577,38.1663,ILTJ153932.59+380958.6,234.88577,38.1663,https://vo.astron.nl/getproduct/LoTSS-DR2/P236+38    ,34.035,0.093,127.941,1.663,84.98,9.47,0.05,84.77,7.33,40.03,0.46,40.03,0.093,M,P236+38    ,3,1,234.88333,38.163715,8315-12702 ,234.88333,38.163715,0.065242,0,1,0,0,0,0,0,1,1,1,LERG,45.298325,46.446644,0,0,0,1,Sloan,Simbad,NED,93,11.59503529
184.9325,35.50708,ILTJ121943.80+353025.4,184.9325,35.50708,https://vo.astron.nl/getproduct/LoTSS-DR2/P185+35    ,3.412,0.093,5.328,0.221,7.93,7.09,0.19,5.18,3.78,12,10.2,12,0.087,S,P185+35    ,4,1,184.93262,35.507023,8554-12705 ,184.93262,35.507023,0.03382,1,1,44.04082,43.0967,0,0,0,0,0,1,,0,0,0,0,0,1,Sloan,Simbad,NED,157,0.412804
215.01768,47.12123,ILTJ142004.25+470716.4,215.01768,47.12123,https://vo.astron.nl/getproduct/LoTSS-DR2/P213+47    ,3.184,0.072,10.98,0.844,8.23,7.19,0.16,5.64,3.96,81,7.71,81,0.072,M,P213+47    ,2,1,215.01791,47.12133,8326-6102  ,215.01791,47.12133,0.070482,1,1,44.584473,43.645344,0,0,0,0,0,1,,0,0,1,45.305573,5.7916427,1,Sloan,Simbad,NED,103,0.664712257
211.99066,47.9095,ILTJ140757.76+475434.2,211.99066,47.9095,https://vo.astron.nl/getproduct/LoTSS-DR2/P213+47    ,3.819,0.06,29.061,0.677,46.56,13.93,0.51,46.17,12.57,2.15,3.25,2.15,0.06,M,P213+47    ,3,1,211.99176,47.906403,8325-12704 ,211.99176,47.906403,0.144683,0,1,0,0,0,0,0,1,1,1,LERG,45.214104,46.36159,0,0,0,1,Sloan,Simbad,NED,102,11.46195067
